message_id,date,sender_id,message
2395,2024-10-09 10:46:24+00:00,-1001432982009,"ğŸ’¥
#á‹¨áˆá‹« áˆá‰ƒá‹µ á‰ á‰…áˆ­á‰¡ áˆˆáˆá‰³áˆ³á‹µáˆ±Â Â ğŸ’¥Â Â Â Â Â Â Â Â Â Â Â Â  

#CPD_(+Online )

#áˆ˜áˆµáŠ¨áˆ¨áˆ 30/ 2017 á‹­áŒ€áˆáˆ«áˆâ—ï¸

# Infection Prevention(15 CEU)

áˆˆáˆáˆ‰áˆ á‹¨áŒ¤áŠ“ á‰£áˆˆáˆá‹«á‹á‰½ á‰ áˆáˆ‰áˆ áŠ­áˆáˆá‰½áŠ“ áŠ¨á‰°áˆá‰½ áˆ‹áˆ‹á‰½á‰½áˆâ—
--------------------------------------------

â˜ï¸0965412222
â˜ï¸0968670067
â˜ï¸0942404444
â˜ï¸0965410000
ğŸ“±0941404444
â˜ï¸0462124400Â  
Â Â Â  Ethio-American CPD center & Health Consultancy.
ğŸƒWe Are Committed To Excellence In Medical Trainingsâ—ï¸
-join our telegram channel 
T.me/eahci"
2394,2024-10-07 10:56:58+00:00,-1001432982009,
2393,2024-10-07 08:38:38+00:00,-1001432982009,"#Basic_Abdominal_Ultrasound_Training @#Hawassa 
ğŸ‘‰áŒ¥á‰…áˆá‰µ 2/ 2017 áŒ€áˆáˆ®Â  á‹­áˆ°áŒ£áˆá¢ 
---------------------------------------------

âœ”áŠ á‹˜áŒ‹áŒ…-Ethio-American CPD center in collaboration with selected hospitals .
Call & Register Â 
Â Â  ğŸ“³Â 0965412222 Dr shalom
Â Â  ğŸ“³0965410000
Â Â  ğŸ“³0942404444
Â Â Â ğŸ“³0941404444
ğŸƒFor more info .follow us on telegram :-
t.me/eahci"
2392,2024-10-07 08:35:47+00:00,-1001432982009,"ğŸ’¥ áŠ¥áŠ•á‹³á‹«áˆ˜áˆáŒ¥á‹ ğŸ’¥

#Basic_Obstetric_Ultrasound_Training

@ ğŸ’¥Hawassa&Addis Ababa

ğŸ‘‰áŒ¥á‰…áˆá‰µ 2 /2017áŒ€áˆáˆ® áˆˆ 1 áˆ³áˆáŠ•á‰µ á‹­áˆ°áŒ£áˆ á¢(áŠ¨áŠ­áˆ…áˆá‰± á‰£áˆ»áŒˆáˆ­ á‹¨15CEU CPD CertificateÂ  áŠ¥áŠ•áˆ°áŒ£áˆˆáŠ•á¢)
---------------------------------------------
â©áˆ°áˆáŒ£áŠá‰½-Medical Doctors , Medical Rad.Technologists , HO, Bsc ,& Msc Midwifery.
â©áŠ áˆ°áˆáŒ£áŠá‰½-Rad & OBGYN specialists .
ğŸš©á‹¨áˆµáˆáŒ áŠ“ á‰¦á‰³-á‰ á‰°áˆ˜áˆ¨áŒ¡ áˆ†áˆµá’á‰³áˆá‰½
âœ”áŠ á‹˜áŒ‹áŒ…-Ethio-American CPD center in collaboration with selected hospitals .
Call & Register 
Â Â ğŸ“²Dr shalom 0965412222
Â  Â ğŸ“³ Selam      0968670067
Â  Â ğŸ“³ Ekram      0965410000
Â Â  ğŸ“³Â Tinbit Â Â Â Â Â  0942404444
Â Â Â ğŸ“³ OfficeÂ Â Â Â Â Â Â Â 0941404444
Â Â  ğŸ“³ OfficeÂ Â Â Â Â Â Â  0462124400
ğŸƒFor more info .follow us on telegram :-
t.me/eahci"
2391,2024-10-06 12:48:06+00:00,-1001432982009,"#Dental_Extraction & Care #Training #áŠáŒˆ_á‹­áŒ€áˆáˆ«áˆ
Â Â Â Â Â Â Â Â Â Â Â Â Â Â Â Â Â Â Â Â  @ Hawassa 
ğŸ‘‰áˆ˜áˆµáŠ¨áˆ¨áˆ 27/ 2017áŒ€áˆáˆ®Â  á‹­áˆ°áŒ£áˆá¢ 
---------------------------------------------

âœ”áŠ á‹˜áŒ‹áŒ…-Ethio-American CPD center in collaboration with selected hospitals .

Call & Register Â 

Â Â  â˜ï¸Â 0965412222
Â Â  â˜ï¸0968670067
Â Â  â˜ï¸0965410000
Â Â Â â˜ï¸0942404444

ğŸƒFor more info .follow us on telegram :-
t.me/eahci"
2390,2024-10-06 08:00:58+00:00,-1001432982009,"ğŸ’¥
#á‹¨áˆá‹« áˆá‰ƒá‹µ á‰ á‰…áˆ­á‰¡ áˆˆáˆá‰³áˆ³á‹µáˆ±Â Â ğŸ’¥Â Â Â Â Â Â Â Â Â Â Â Â  
#CPD_(+Online )
#áˆ˜áˆµáŠ¨áˆ¨áˆ 29/ 2017 á‹­áŒ€áˆáˆ«áˆâ—ï¸

# Infection Prevention(15 CEU)

áˆˆáˆáˆ‰áˆ á‹¨áŒ¤áŠ“ á‰£áˆˆáˆá‹«á‹á‰½ á‰ áˆáˆ‰áˆ áŠ­áˆáˆá‰½áŠ“ áŠ¨á‰°áˆá‰½ áˆ‹áˆ‹á‰½á‰½áˆâ—
--------------------------------------------
â˜ï¸0942404444 
â˜ï¸0965410000
â˜ï¸0965412222
â˜ï¸0462124400Â  
Â Â Â  Ethio-American CPD center & Health Consultancy.
ğŸƒWe Are Committed To Excellence In Medical Trainingsâ—ï¸
-join our telegram channel 
T.me/eahci"
2389,2024-10-05 11:41:20+00:00,-1001432982009,"Baga Ayyaana Irreechaa nagaan geessan!
áˆ˜áˆáŠ«áˆ á‹¨áŠ¢áˆ¬á‰» á‰ á‹“áˆ! 
Ayyaana Gaarii!"
2388,2024-10-05 09:52:07+00:00,-1001432982009,"NoticeğŸ’¥

 We would like to inform you that  Obstetric Ultrasound Training to be given at Addis Ababa has been postponed for the next week ( October 13 /2024) due to the Irrecha Holiday."
2387,2024-10-04 13:29:53+00:00,-1001432982009,"#Dental_Extraction_&_Care_TrainingğŸ’¥
Â Â Â Â Â Â Â Â Â Â Â Â Â Â Â Â Â Â Â Â  @ Hawassa 
ğŸ‘‰áˆ˜áˆµáŠ¨áˆ¨áˆ 27/ 2017áŒ€áˆáˆ®Â  á‹­áˆ°áŒ£áˆá¢ 
---------------------------------------------

âœ”áŠ á‹˜áŒ‹áŒ…-Ethio-American CPD center in collaboration with selected hospitals .

Call & Register Â 

Â Â  â˜ï¸Â 0965412222  Dr Shalom
Â Â  â˜ï¸0968670067
Â Â  â˜ï¸0965410000   Ekram
Â Â Â â˜ï¸0942404444

ğŸƒFor more info .follow us on telegram :-
t.me/eahci"
2386,2024-10-04 10:17:03+00:00,-1001432982009,"#ğŸ’¥áŠ¥áˆá‹µ_Addis_Ababa_Ultrasound_Training)#CPD_áˆµáˆáŒ áŠ“áŠ•_áŠ¨áˆáˆ­áŒ¥_áŠ­áˆ…áˆá‰µ_áŒ‹áˆ­_á‹«áˆµá‰°áˆ³áˆµáˆ© )
 #Addis Ababa  áˆ˜áˆµáŠ¨áˆ¨áˆ 26  /2017 áŒ€áˆáˆ® áˆˆ 1 áˆ³áˆáŠ•á‰µ á‹­áˆ°áŒ£áˆ á¢(áŠ¨áŠ­áˆ…áˆá‰± á‰£áˆ»áŒˆáˆ­ á‹¨15CEU CPD CertificateÂ  áŠ¥áŠ•áˆ°áŒ£áˆˆáŠ•á¢)
----------------------------------------
â©áˆ°áˆáŒ£áŠá‰½-Medical Doctors , Medical Rad.Technologists , HO, Bsc ,& Msc Midwifery.
â©áŠ áˆ°áˆáŒ£áŠá‰½-Rad & OBGYN specialists .

âœ”áŠ á‹˜áŒ‹áŒ…-Ethio-American CPD center in collaboration with selected hospitals .
Call & Register 
ğŸ“Dr shalom 0965412222Â Â 
ğŸ“Selam        0968670067
ğŸ“TinbitÂ Â Â Â Â Â Â   0942404444
ğŸ“Ekram        0965410000
Â ğŸ“³Office        0941404444 
Â ğŸ“³ OfficeÂ Â Â Â Â Â  0462124400
ğŸƒFor more info .follow us on telegram :-
t.me/eahci"
2385,2024-10-04 09:57:52+00:00,-1001432982009,"ğŸ’¥áŠáŒˆ á‹­áŒ€áˆáˆ«áˆ CPD_training_áˆˆáˆáˆ‰áˆ_áŒ¤áŠ“_á‰£áˆˆáˆá‹«á‹á‰½!!!
âœ”ï¸#Title_Antimicrobial Drug Resistance 
#Â áˆ˜áˆµáŠ¨áˆ¨áˆ 25/2017 áŒ€áˆáˆ®Â  á‹­áˆ°áŒ£áˆá¢
#áˆˆáŒ¤áŠ“_á‰£áˆˆáˆá‹«á‹á‰½_Oromia_Amhara_AA_Harari_SNNPR_Sidama_áˆ‹áˆ‹á‰½áˆá¢
--------------------------------------------
ğŸ“±0965410000
ğŸ“³0968670067
ğŸ“±0965412222
ğŸ“³0942404444
ğŸ“³0941404444Â  
ğŸ“³0462124400
Â Â Â  ğŸš©Organized By-(Ethio-American CPD center & Health Consultancy.)
ğŸƒWe Are Committed To Excellence In Medical Trainings â—
-join our telegram channel 
T.me/eahci"
2384,2024-10-03 06:46:52+00:00,-1001432982009,"ğŸ’¥CPD_training_áˆˆáˆáˆ‰áˆ_áŒ¤áŠ“_á‰£áˆˆáˆá‹«á‹á‰½!!!
âœ”ï¸#Title_Antimicrobial Drug Resistance 
#
áˆ˜áˆµáŠ¨áˆ¨áˆ 24/2017 áŒ€áˆáˆ®Â  á‹­áˆ°áŒ£áˆá¢
#áˆˆáŒ¤áŠ“_á‰£áˆˆáˆá‹«á‹á‰½_Oromia_Amhara_AA_Harari_SNNPR_Sidama_áˆ‹áˆ‹á‰½áˆá¢
--------------------------------------------
ğŸ“0965410000  Ekram
ğŸ“0968670067  Selam
ğŸ“0965412222  Dr.Shalom
ğŸ“0942404444
ğŸ“0941404444Â  
ğŸ“³0462124400  Office 
Â Â Â  ğŸš©Organized By-(Ethio-American CPD center & Health Consultancy.)
ğŸƒWe Are Committed To Excellence In Medical Trainings â—ï¸
-join our telegram channel 
T.me/eahci"
2383,2024-10-02 12:03:42+00:00,-1001432982009,
2382,2024-10-02 09:13:24+00:00,-1001432982009,"#Monitoring_And_Evaluation_Training 
ğŸ’¥ Hawassa & Addis Ababa 
ğŸ’¥Take Training on Blended mode 
ğŸ’¥Trainers - M & E Guest Experts 
ğŸ’¥CallğŸ“0965412222 Dr.Shalom
ğŸ’¥Only for few trainees
âœï¸Accredited"
2379,2024-10-01 09:03:45+00:00,-1001432982009,"#ğŸ’¥áŠ¥áˆá‹µ_Addis_Ababa_Ultrasound_Training)#CPD_áˆµáˆáŒ áŠ“áŠ•_áŠ¨áˆáˆ­áŒ¥_áŠ­áˆ…áˆá‰µ_áŒ‹áˆ­_á‹«áˆµá‰°áˆ³áˆµáˆ© )
 #Addis Ababa  áˆ˜áˆµáŠ¨áˆ¨áˆ 26  /2017 áŒ€áˆáˆ® áˆˆ 1 áˆ³áˆáŠ•á‰µ á‹­áˆ°áŒ£áˆ á¢(áŠ¨áŠ­áˆ…áˆá‰± á‰£áˆ»áŒˆáˆ­ á‹¨15CEU CPD CertificateÂ  áŠ¥áŠ•áˆ°áŒ£áˆˆáŠ•á¢)
----------------------------------------
â©áˆ°áˆáŒ£áŠá‰½-Medical Doctors , Medical Rad.Technologists , HO, Bsc ,& Msc Midwifery.
â©áŠ áˆ°áˆáŒ£áŠá‰½-Rad & OBGYN specialists .

âœ”áŠ á‹˜áŒ‹áŒ…-Ethio-American CPD center in collaboration with selected hospitals .
Call & Register 
ğŸ“Dr shalom 0965412222Â Â 
ğŸ“Selam        0968670067
ğŸ“TinbitÂ Â Â Â Â Â Â   0942404444
ğŸ“Ekram        0965410000
Â ğŸ“³Office        0941404444 
Â ğŸ“³ OfficeÂ Â Â Â Â Â  0462124400
ğŸƒFor more info .follow us on telegram :-
t.me/eahci"
2378,2024-09-30 07:47:20+00:00,-1001432982009,"ğŸ’¥ CPD_training_áˆˆáˆáˆ‰áˆ_áŒ¤áŠ“_á‰£áˆˆáˆá‹«á‹á‰½!!!
âœ”ï¸#Title_Antimicrobial Drug Resistance 
#Â áˆ˜áˆµáŠ¨áˆ¨áˆ 24/2017 áŒ€áˆáˆ®Â  á‹­áˆ°áŒ£áˆá¢
#áˆˆáŒ¤áŠ“_á‰£áˆˆáˆá‹«á‹á‰½_Oromia_Amhara_AA_Harari_SNNPR_Sidama_áˆ‹áˆ‹á‰½áˆá¢
--------------------------------------------
ğŸ“±0968670067
ğŸ“³0942404444Â  Tinbit
ğŸ“±0965410000
ğŸ“³0965412222Â 
ğŸ“³0941404444Â  
ğŸ“³0462124400
Â Â Â  ğŸš©Organized By-(Ethio-American CPD center & Health Consultancy.)
ğŸƒWe Are Committed To Excellence In Medical Trainings â—
-join our telegram channel 
T.me/eahci"
2377,2024-09-30 07:17:37+00:00,-1001432982009,"ğŸ’¥ áŠ¥áŠ•á‹³á‹«áˆ˜áˆáŒ¥á‹â€¼ï¸ğŸ’¥
ğŸ‘‰Â  áˆáŒ¥áŠá‹ á‹­áˆ˜á‹áŒˆá‰¡ !!

Dental Extraction & Care Training 
Â Â Â Â Â Â Â Â Â Â Â Â Â Â Â Â Â Â Â Â  @ Hawassa 
ğŸ‘‰áˆ˜áˆµáŠ¨áˆ¨áˆ 26/ 2017áŒ€áˆáˆ®Â  á‹­áˆ°áŒ£áˆá¢ 
---------------------------------------------

âœ”áŠ á‹˜áŒ‹áŒ…-Ethio-American CPD center in collaboration with selected hospitals .

Call & Register Â 

Â Â  â˜ï¸Â 0968670067
Â Â  â˜ï¸0965410000
Â Â  â˜ï¸0941404444
Â Â Â â˜ï¸0965412222 

ğŸƒFor more info .follow us on telegram :-
t.me/eahci"
2376,2024-09-28 16:44:20+00:00,-1001432982009,"#ğŸ’¥á‹›áˆ¬ á‹­áŒ€áˆáˆ«áˆ
#á‹¨áˆá‹«_áˆá‰ƒá‹µ_áˆˆáˆ›áˆ³á‹°áˆµ_á‹­áˆ˜á‹áŒˆá‰¡ğŸ’¥Â Â 
#Title= MEDICAL ETHICS 
ğŸ’¥15CEU
ğŸ‘‰ áˆ˜áˆµáŠ¨áˆ¨áˆ 20 / 2017 á‹­áŒ€áˆ˜áˆ«áˆ á¢
áˆˆáˆáˆ‰áˆ áŒ¤áŠ“ á‰£áˆˆáˆá‹«á‹á‰½ á‰ áˆáˆ‰áˆ áŠ­áˆáˆá‰½áŠ“ áŠ¨á‰°áˆá‰½ áˆ‹áˆ‹á‰½áˆá¢
--------------------------------------------

ğŸ“±0965410000
ğŸ“±0968670067Â  
ğŸ“±0942404444Â  
ğŸ“±0941404444Â 
ğŸ“±0965412222Â Â  
ğŸ“±0462124400Â Â Â 
Â Â Â  Ethio-American CPD center & Health Consultancy.
ğŸƒWe Are Committed To Excellence In Medical Trainings â—
-join our telegram channel 
T.me/eahci"
2375,2024-09-28 15:11:42+00:00,-1001432982009,"Notice :-Postponed 
 OB Ultrasound Trainings both @A.A & Hawassa -Postponed for the next week ."
2374,2024-09-27 21:01:51+00:00,-1001432982009,https://t.me/Dikoethiopia
2372,2024-09-27 15:20:09+00:00,-1001432982009,"áŠ¥áŠ•áŠ³áŠ• áˆˆá‰¥áˆ­áˆƒáŠ áˆ˜áˆµá‰€áˆ‰ á‰ áˆ°áˆ‹áˆ áŠ á‹°áˆ¨áˆ³á‰½áˆ

áˆ˜áˆáŠ«áˆ á‰ áŠ áˆá¢"
2371,2024-09-27 05:01:27+00:00,-1001432982009,"#ğŸ’¥
#á‹¨áˆá‹«_áˆá‰ƒá‹µ_áˆˆáˆ›áˆ³á‹°áˆµ_á‹­áˆ˜á‹áŒˆá‰¡ğŸ’¥Â Â 
#Title= MEDICAL ETHICS 
ğŸ’¥15CEU
ğŸ‘‰ áˆ˜áˆµáŠ¨áˆ¨áˆ19 / 2017 á‹­áŒ€áˆ˜áˆ«áˆ á¢
áˆˆáˆáˆ‰áˆ áŒ¤áŠ“ á‰£áˆˆáˆá‹«á‹á‰½ á‰ áˆáˆ‰áˆ áŠ­áˆáˆá‰½áŠ“ áŠ¨á‰°áˆá‰½ áˆ‹áˆ‹á‰½áˆá¢
--------------------------------------------

ğŸ“±0968670067Â  
ğŸ“±0942404444Â  
ğŸ“±0965410000
ğŸ“±0941404444Â 
ğŸ“±0965412222Â Â  
ğŸ“±0462124400Â Â Â 
Â Â Â  Ethio-American CPD center & Health Consultancy.
ğŸƒWe Are Committed To Excellence In Medical Trainings â—
-join our telegram channel 
T.me/eahci"
2369,2024-09-26 05:33:30+00:00,-1001432982009,"áŠ¢á‰µá‹®áŒµá‹« á‰°áˆ‹áˆ‹áŠ á‹«áˆáˆ†áŠ‘ á‰ áˆ½á‰³á‹á‰½áŠ• á‰ áˆ˜áŠ¨áˆ‹áŠ¨áˆáŠ“ áˆ˜á‰†áŒ£áŒ áˆ­ áˆ‹áˆµáˆ˜á‹˜áŒˆá‰ á‰½á‹ áŠ áˆ˜áˆ­á‰‚ á‹áŒ¤á‰µ áŠ¥á‹á‰…áŠ“ áŠ áŒˆáŠ˜á‰½

á‹¨á‰°á‰£á‰ áˆ©á‰µ áˆ˜áŠ•áŒáˆµá‰³á‰µ á‹µáˆ­áŒ…á‰µ (á‰°áˆ˜á‹µ) áŠ¢á‰µá‹®áŒµá‹« á‰°áˆ‹áˆ‹áŠ á‹«áˆáˆ†áŠ‘ á‰ áˆ½á‰³á‹á‰½áŠ• á‰ áˆ˜áŠ¨áˆ‹áŠ¨áˆáŠ“ áˆ˜á‰†áŒ£áŒ áˆ­ áˆ‹áˆµáˆ˜á‹˜áŒˆá‰ á‰½á‹ áŠ áˆ˜áˆ­á‰‚ á‹áŒ¤á‰µ áŠ¥á‹á‰…áŠ“ áˆ°áŒ¥á‰·áˆá¢"
2368,2024-09-25 16:34:15+00:00,-1001432982009,
2367,2024-09-25 15:37:24+00:00,-1001432982009,á‹­áŠá‰ á‰¥ -CPD
2366,2024-09-25 08:55:23+00:00,-1001432982009,"ğŸ’¥ áŠ¥áŠ•á‹³á‹«áˆ˜áˆáŒ¥á‹â€¼ï¸ğŸ’¥
ğŸ‘‰Â  áˆáŒ¥áŠá‹ á‹­áˆ˜á‹áŒˆá‰¡ !!

Dental Extraction & Care Training 
Â Â Â Â Â Â Â Â Â Â Â Â Â Â Â Â Â Â Â Â  @ Hawassa 
ğŸ‘‰áˆ˜áˆµáŠ¨áˆ¨áˆ 19/ 2017áŒ€áˆáˆ®Â  á‹­áˆ°áŒ£áˆá¢ 
---------------------------------------------

âœ”áŠ á‹˜áŒ‹áŒ…-Ethio-American CPD center in collaboration with selected hospitals .

Call & Register Â 

Â Â  â˜ï¸Â 0968670067
Â Â  â˜ï¸0965410000
Â Â  â˜ï¸0941404444
Â Â Â â˜ï¸0965412222 

ğŸƒFor more info .follow us on telegram :-
t.me/eahci"
2365,2024-09-25 08:55:22+00:00,-1001432982009,"#OBGYN_Ultrasound_Training_Addis_Ababa
ğŸ‘‰áˆ˜áˆµáŠ¨áˆ¨áˆ 19 /2017áŒ€áˆáˆ® áˆˆ 1 áˆ³áˆáŠ•á‰µ á‹­áˆ°áŒ£áˆ á¢(áŠ¨áŠ­áˆ…áˆá‰± á‰£áˆ»áŒˆáˆ­ á‹¨15CEU CPD CertificateÂ  áŠ¥áŠ•áˆ°áŒ£áˆˆáŠ•á¢)
---------------------------------------------
â©áˆ°áˆáŒ£áŠá‰½-Medical Doctors , Medical Rad.Technologists , HO, Bsc ,& Msc Midwifery.
â©áŠ áˆ°áˆáŒ£áŠá‰½-Rad & OBGYN specialists .
ğŸš©á‹¨áˆµáˆáŒ áŠ“ á‰¦á‰³-á‰ á‰°áˆ˜áˆ¨áŒ¡ áˆ†áˆµá’á‰³áˆá‰½
âœ”áŠ á‹˜áŒ‹áŒ…-Ethio-American CPD center in collaboration with selected hospitals .
Call & Register 
   ğŸ“Tinbit   0942404444
Â Â ğŸ“Selam      0968670067
Â  ğŸ“EkramÂ Â Â Â Â  0965410000
Â Â ğŸ“OfficeÂ Â Â Â  0941404444
Â Â ğŸ“OfficeÂ Â Â Â Â Â Â  0462124400

ğŸ’¥CEOğŸ“0941038774
ğŸƒFor more info .follow us on telegram :-
t.me/eahci"
2364,2024-09-25 08:49:32+00:00,-1001432982009,"#ğŸ’¥
#á‹¨áˆá‹«_áˆá‰ƒá‹µ_áˆˆáˆ›áˆ³á‹°áˆµ_á‹­áˆ˜á‹áŒˆá‰¡ğŸ’¥Â Â 
#Title= MEDICAL ETHICS 
ğŸ’¥15CEU
ğŸ‘‰ áˆ˜áˆµáŠ¨áˆ¨áˆ19 / 2017 á‹­áŒ€áˆ˜áˆ«áˆ á¢
áˆˆáˆáˆ‰áˆ áŒ¤áŠ“ á‰£áˆˆáˆá‹«á‹á‰½ á‰ áˆáˆ‰áˆ áŠ­áˆáˆá‰½áŠ“ áŠ¨á‰°áˆá‰½ áˆ‹áˆ‹á‰½áˆá¢
--------------------------------------------

ğŸ“±0968670067Â  
ğŸ“±0942404444Â  
ğŸ“±0965410000
ğŸ“±0941404444Â 
ğŸ“±0965412222Â Â  
ğŸ“±0462124400Â Â Â 
Â Â Â  Ethio-American CPD center & Health Consultancy.
ğŸƒWe Are Committed To Excellence In Medical Trainings â—
-join our telegram channel 
T.me/eahci"
2363,2024-09-24 04:11:42+00:00,-1001432982009,"Â  #á‹›áˆ¬_á‹­áŒ€áˆáˆ«áˆğŸ’¥á‹¨áˆá‹«_áˆá‰ƒá‹µ_áˆˆáˆ›áˆ³á‹°áˆµ_CPD_á‹­áˆ˜á‹áŒˆá‰¡
#Title= NON communicable Disease Management ğŸ”¶15CEU
ğŸ‘‰ áˆ˜áˆµáŠ¨áˆ¨áˆ 14/2017 á‹­áŒ€áˆ˜áˆ«áˆ á¢
áˆˆáˆáˆ‰áˆ áŒ¤áŠ“ á‰£áˆˆáˆá‹«á‹á‰½ á‰ áˆáˆ‰áˆ áŠ­áˆáˆá‰½áŠ“ áŠ¨á‰°áˆá‰½ áˆ‹áˆ‹á‰½áˆá¢
--------------------------------------------
ğŸ“±0968670067 selam
ğŸ“±0965410000Â Â  Ekram
ğŸ“±0942404444Â  Tinbit
ğŸ“±0941404444Â Â  daye
ğŸ“±0965412222Â Â  office 
ğŸ“³0462124400Â Â Â  office
Â Â Â  Ethio-American CPD center & Health Consultancy.
ğŸƒWe Are Committed To Excellence In Medical Trainings â—
-join our telegram channel 
T.me/eahci"
2362,2024-09-23 12:01:17+00:00,-1001432982009,"Â  #ğŸ’¥áŠáŒˆ á‹­áŒ€áˆáˆ«áˆğŸ’¥á‹¨áˆá‹«_áˆá‰ƒá‹µ_áˆˆáˆ›áˆ³á‹°áˆµ_CPD_á‹­áˆ˜á‹áŒˆá‰¡
#Title= NON communicable Disease Management ğŸ”¶15CEU
ğŸ‘‰ áˆ˜áˆµáŠ¨áˆ¨áˆ 14/2017 á‹­áŒ€áˆ˜áˆ«áˆ á¢
áˆˆáˆáˆ‰áˆ áŒ¤áŠ“ á‰£áˆˆáˆá‹«á‹á‰½ á‰ áˆáˆ‰áˆ áŠ­áˆáˆá‰½áŠ“ áŠ¨á‰°áˆá‰½ áˆ‹áˆ‹á‰½áˆá¢
--------------------------------------------
 ğŸ“±0968670067 selam
 ğŸ“±0965410000Â Â  Ekram
 ğŸ“±0942404444Â  Tinbit
 ğŸ“±0941404444Â Â  daye
 ğŸ“±0965412222Â Â  office 
 ğŸ“³0462124400Â Â Â  office
Â Â Â  Ethio-American CPD center & Health Consultancy.
ğŸƒWe Are Committed To Excellence In Medical Trainings â—
-join our telegram channel 
T.me/eahci"
2361,2024-09-23 06:51:26+00:00,-1001432982009,"#ğŸ’¥ áŠ¥áŠ•á‹³á‹«áˆ˜áˆáŒ¥á‹ Ultrasound_Training@Hawassa&Addis Ababa
ğŸ‘‰áˆ˜áˆµáŠ¨áˆ¨áˆ 19 /2017áŒ€áˆáˆ® áˆˆ 1 áˆ³áˆáŠ•á‰µ á‹­áˆ°áŒ£áˆ á¢(áŠ¨áŠ­áˆ…áˆá‰± á‰£áˆ»áŒˆáˆ­ á‹¨15CEU CPD CertificateÂ  áŠ¥áŠ•áˆ°áŒ£áˆˆáŠ•á¢)
---------------------------------------------
â©áˆ°áˆáŒ£áŠá‰½-Medical Doctors , Medical Rad.Technologists , HO, Bsc ,& Msc Midwifery.
â©áŠ áˆ°áˆáŒ£áŠá‰½-Rad & OBGYN specialists .
ğŸš©á‹¨áˆµáˆáŒ áŠ“ á‰¦á‰³-á‰ á‰°áˆ˜áˆ¨áŒ¡ áˆ†áˆµá’á‰³áˆá‰½
âœ”áŠ á‹˜áŒ‹áŒ…-Ethio-American CPD center in collaboration with selected hospitals .
Call & Register 
Â Â ğŸ“²Selam      0968670067
Â  Â ğŸ“³ EkramÂ Â Â Â Â  0965410000
Â  Â ğŸ“³ TinbitÂ Â Â Â  Â  0942404444
Â Â  ğŸ“³Â DayeÂ Â Â Â Â Â Â Â  0941404444
Â Â Â ğŸ“³ OfficeÂ Â Â Â Â Â Â Â 0965412222 
Â Â  ğŸ“³ OfficeÂ Â Â Â Â Â Â  0462124400
ğŸƒFor more info .follow us on telegram :-
t.me/eahci"
2360,2024-09-22 09:39:34+00:00,-1001432982009,"Â  #ğŸ’¥áŠáŒˆ á‹­áŒ€áˆáˆ«áˆğŸ’¥á‹¨áˆá‹«_áˆá‰ƒá‹µ_áˆˆáˆ›áˆ³á‹°áˆµ_CPD_á‹­áˆ˜á‹áŒˆá‰¡
#Title= NON communicable Disease Management ğŸ”¶15CEU
ğŸ‘‰ áˆ˜áˆµáŠ¨áˆ¨áˆ 14/2017 á‹­áŒ€áˆ˜áˆ«áˆ á¢
áˆˆáˆáˆ‰áˆ áŒ¤áŠ“ á‰£áˆˆáˆá‹«á‹á‰½ á‰ áˆáˆ‰áˆ áŠ­áˆáˆá‰½áŠ“ áŠ¨á‰°áˆá‰½ áˆ‹áˆ‹á‰½áˆá¢
--------------------------------------------
 ğŸ“±0968670067 selam
 ğŸ“±0965410000Â Â  Ekram
 ğŸ“±0942404444Â  Tinbit
 ğŸ“±0941404444Â Â  daye
 ğŸ“±0965412222Â Â  office 
 ğŸ“³0462124400Â Â Â  office
Â Â Â  Ethio-American CPD center & Health Consultancy.
ğŸƒWe Are Committed To Excellence In Medical Trainings â—
-join our telegram channel 
T.me/eahci"
2359,2024-09-21 16:47:37+00:00,-1001432982009,"ğŸ’¥ áŠ¥áŠ•á‹³á‹«áˆ˜áˆáŒ¥á‹â€¼ï¸ğŸ’¥
Dental Extraction & Care Training @ Hawassa 
ğŸ‘‰áˆ˜áˆµáŠ¨áˆ¨áˆ 20/ 2017áŒ€áˆáˆ®Â  á‹­áˆ°áŒ£áˆá¢ 
---------------------------------------------

âœ”áŠ á‹˜áŒ‹áŒ…-Ethio-American CPD center in collaboration with selected hospitals .

Call & Register Â 

Â Â  ğŸ“0965410000Â  
  ğŸ“0968670067
Â Â  
ğŸƒFor more info .follow us on telegram :-
t.me/eahci"
2358,2024-09-20 15:50:11+00:00,-1001432982009,"Hey Ethio-American CPD Center  & Health consultancy Families 
I am exploring how young individuals in Ethiopia and Rwanda perceive and make decisions about professional nutrition advice. Your insights will help me understand the key factors that influence the use of nutrition services and identify barriers to access. This survey should take about 3 - 5 minutes to complete. All responses will be kept confidential and will only be used for research purposes
Thanks for your support in advance ğŸ™ğŸ¾

Dr. Israel A.(  Staff ) 
https://docs.google.com/forms/d/19Uvv3WMU2SydZXdP2oRgCvCkBDCAHFpfusNaWn_mJ3g/edit?usp=sharing_eil&ts=66ed3780"
2357,2024-09-19 08:36:28+00:00,-1001432982009,"ğŸ’¥á‹›áˆ¬ á‹­áŒ€áˆáˆ«áˆ #_CPD_
#áˆˆáˆáˆ‰áˆ_áŒ¤áŠ“_á‰£áˆˆáˆá‹«á‹á‰½_á‰ áˆáˆ‰áˆ_áŠ­áˆáˆá‰½áŠ“_áŠ¨á‰°áˆá‰½ áˆ‹áˆ‹á‰½áˆá¢ áˆ˜áˆµáŠ¨áˆ¨áˆ 11/2017 áŒ€áˆáˆ® á‹­áˆ°áŒ£áˆ::
--------------------------------------
ğŸ‘‰Syndromic Management of (STI)15CEU

ğŸ“³0942404444
ğŸ“³0941404444
ğŸ“³0965410000
ğŸ“³0965412222
ğŸ“³0462124400
Â Â Â  ğŸš©Organized By-(Ethio-American CPD center & Health Consultancy.)
ğŸƒWe Are Committed To Excellence In Medical Trainings â—
-join our telegram channel 
T.me/eahci"
2356,2024-09-19 08:35:33+00:00,-1001432982009,"Â  #ğŸ’¥ğŸ’¥á‹¨áˆá‹«_áˆá‰ƒá‹µ_áˆˆáˆ›áˆ³á‹°áˆµ_CPD_á‹­áˆ˜á‹áŒˆá‰¡
#Title= NON communicable Disease Management ğŸ”¶15CEU
ğŸ‘‰ áˆ˜áˆµáŠ¨áˆ¨áˆ 14/2017 á‹­áŒ€áˆ˜áˆ«áˆ á¢
áˆˆáˆáˆ‰áˆ áŒ¤áŠ“ á‰£áˆˆáˆá‹«á‹á‰½ á‰ áˆáˆ‰áˆ áŠ­áˆáˆá‰½áŠ“ áŠ¨á‰°áˆá‰½ áˆ‹áˆ‹á‰½áˆá¢
--------------------------------------------
ğŸ“²0968670067 selam
 ğŸ“±0965410000Â Â  Ekram
 ğŸ“±0942404444Â  Tinbit
 ğŸ“±0941404444Â Â  daye
 ğŸ“±0965412222Â Â  office 
 ğŸ“³0462124400Â Â Â  office
Â Â Â  Ethio-American CPD center & Health Consultancy.
ğŸƒWe Are Committed To Excellence In Medical Trainings â—
-join our telegram channel 
T.me/eahci"
2355,2024-09-18 08:58:36+00:00,-1001432982009,"#ğŸ’¥ áŠ¥áŠ•á‹³á‹«áˆ˜áˆáŒ¥á‹ Ultrasound_Training@Hawassa&Addis Ababa
ğŸ‘‰áˆ˜áˆµáŠ¨áˆ¨áˆ 19 /2017áŒ€áˆáˆ® áˆˆ 1 áˆ³áˆáŠ•á‰µ á‹­áˆ°áŒ£áˆ á¢(áŠ¨áŠ­áˆ…áˆá‰± á‰£áˆ»áŒˆáˆ­ á‹¨15CEU CPD CertificateÂ  áŠ¥áŠ•áˆ°áŒ£áˆˆáŠ•á¢)
---------------------------------------------
â©áˆ°áˆáŒ£áŠá‰½-Medical Doctors , Medical Rad.Technologists , HO, Bsc ,& Msc Midwifery.
â©áŠ áˆ°áˆáŒ£áŠá‰½-Rad & OBGYN specialists .
ğŸš©á‹¨áˆµáˆáŒ áŠ“ á‰¦á‰³-á‰ á‰°áˆ˜áˆ¨áŒ¡ áˆ†áˆµá’á‰³áˆá‰½
âœ”áŠ á‹˜áŒ‹áŒ…-Ethio-American CPD center in collaboration with selected hospitals .
Call & Register 
Â Â ğŸ“²Selam      0968670067
Â  Â ğŸ“³ EkramÂ Â Â Â Â  0965410000
Â  Â ğŸ“³ TinbitÂ Â Â Â  Â  0942404444
Â Â  ğŸ“³Â DayeÂ Â Â Â Â Â Â Â  0941404444
Â Â Â ğŸ“³ OfficeÂ Â Â Â Â Â Â Â 0965412222 
Â Â  ğŸ“³ OfficeÂ Â Â Â Â Â Â  0462124400
ğŸƒFor more info .follow us on telegram :-
t.me/eahci"
2354,2024-09-16 18:11:24+00:00,-1001432982009,"ğŸ’¥#_CPD_
#áˆˆáˆáˆ‰áˆ_áŒ¤áŠ“_á‰£áˆˆáˆá‹«á‹á‰½_á‰ áˆáˆ‰áˆ_áŠ­áˆáˆá‰½áŠ“_áŠ¨á‰°áˆá‰½ áˆ‹áˆ‹á‰½áˆá¢ áˆ˜áˆµáŠ¨áˆ¨áˆ 9/2017 áŒ€áˆáˆ® á‹­áˆ°áŒ£áˆ::
--------------------------------------
ğŸ‘‰Syndromic Management of (STI)15CEU
ğŸ“0968670067 
ğŸ“³0942404444
ğŸ“³0941404444
ğŸ“³0965410000
ğŸ“³0462124400
Â Â Â  ğŸš©Organized By-(Ethio-American CPD center & Health Consultancy.)
ğŸƒWe Are Committed To Excellence In Medical Trainings â—
-join our telegram channel 
T.me/eahci"
2353,2024-09-16 14:48:44+00:00,-1001432982009,"#Online_CPD_á‹›áˆ¬
#For_All_health_professionals
(Ethio-American-CPD) 

#Title_Pain Management 
áˆ˜áˆµáŠ¨áˆ¨áˆ 6 /2017 á‹­áŒ€áˆáˆ«áˆ !
â¯â¯â¯â¯â¯â¯â¯â¯â¯â¯â¯â¯â¯â¯
    ğŸ“0968670067 Selam
Â Â  ğŸ“0965410000Â  Ekram
Â Â  ğŸ“ 0942404444
Â Â Â ğŸ“0941404444
Â Â Â ğŸ“Â 0462124400Â  
http://T.me/eahci"
2352,2024-09-15 14:01:29+00:00,-1001432982009,"ğŸ’¥ áˆ°áŠ á‹­áŒ€áˆáˆ«áˆ
#Online_CPD
#For_All_health_professionals
(Ethio-American-CPD) 

#Title_Pain Management 
áˆ˜áˆµáŠ¨áˆ¨áˆ 6 /2017 á‹­áŒ€áˆáˆ«áˆ !
â©â©â©â©â©â©â©â©â©â©â©â©â©â©

Â Â  ğŸ“0965410000Â  Ekram
   ğŸ“0968670067  Selam 
Â Â  ğŸ“ 0942404444
Â Â Â ğŸ“0941404444
Â Â  ğŸ“0965412222
Â Â Â ğŸ“Â 0462124400Â  
http://T.me/eahci"
2350,2024-09-14 07:50:30+00:00,-1001432982009,"#OBGYN_Ultrasound_Training#Addis_Ababa & #Hawassa_ğŸ’¥

#áˆ˜áˆ°áŠ¨áˆ¨áˆ 12/2017 áŒ€áˆáˆ® áˆˆ 1 áˆ³áˆáŠ•á‰µ á‹­áˆ°áŒ£áˆ á¢(áŠ¨áŠ­áˆ…áˆá‰± á‰£áˆ»áŒˆáˆ­ á‹¨15CEU CPD CertificateÂ  áŠ¥áŠ•áˆ°áŒ£áˆˆáŠ•á¢)
----------------------------------------
â©áˆ°áˆáŒ£áŠá‰½-Medical Doctors , Medical Rad.Technologists , HO, Bsc ,& Msc Midwifery.
â©áŠ áˆ°áˆáŒ£áŠá‰½-Rad & OBGYN specialists .

âœ”áŠ á‹˜áŒ‹áŒ…-Ethio-American CPD center in collaboration with selected hospitals .
Call & Register
ğŸ“EkramÂ Â Â Â Â Â  0965410000Â Â 
ğŸ“TinbitÂ Â Â Â Â Â Â  0942404444
ğŸ“Selam       0968670067
ğŸ“Day            0965412222

ğŸ“OfficeÂ Â Â Â Â Â  0462124400

ğŸ“áˆˆáˆ›áŠ•áŠ›á‹áˆ áŒ¥á‰†áˆ› (CEO) 0941038774
ğŸƒFor more info .follow us on telegram :-
t.me/eahci"
2349,2024-09-13 12:47:39+00:00,-1001432982009,
2348,2024-09-13 08:25:24+00:00,-1001432982009,"ğŸ’¥ áŠ¥áŠ•á‹³á‹«áˆ˜áˆáŒ¥á‹â€¼ï¸ğŸ’¥
Dental Extraction & Care Training @ Hawassa 
ğŸ‘‰áˆ˜áˆµáŠ¨áˆ¨áˆ 5/ 2017áŒ€áˆáˆ®Â  á‹­áˆ°áŒ£áˆá¢ 
---------------------------------------------

âœ”áŠ á‹˜áŒ‹áŒ…-Ethio-American CPD center in collaboration with selected hospitals .

Call & Register Â 

Â Â  â˜ï¸Â 0965410000  Ekram 
Â Â  
ğŸƒFor more info .follow us on telegram :-
t.me/eahci"
2347,2024-09-13 08:25:15+00:00,-1001432982009,"ğŸ’¥ áˆ°áŠ á‹­áŒ€áˆáˆ«áˆ
#Online_CPD
#For_All_health_professionals
(Ethio-American-CPD) 

#Title_Pain Management 
áˆ˜áˆµáŠ¨áˆ¨áˆ 6 /2017 á‹­áŒ€áˆáˆ«áˆ !
â©â©â©â©â©â©â©â©â©â©â©â©â©â©

Â Â  ğŸ“0965410000Â  Ekram
   ğŸ“0968670067  Selam 
Â Â  ğŸ“ 0942404444
Â Â Â ğŸ“0941404444
Â Â  ğŸ“0965412222
Â Â Â ğŸ“Â 0462124400Â  
http://T.me/eahci"
2346,2024-09-10 20:20:41+00:00,-1001432982009,áˆˆáˆ˜áˆ‹á‹ á‹¨áŠ¢á‰µá‹®áŒµá‹« áˆ…á‹á‰¥áŠ“ á‹ˆá‹³áŒ†á‰½ :áŠ¥áŠ•áŠ³áŠ• áˆˆ2017 á‹“.áˆ á‰ áˆ°áˆ‹áˆ áŠ á‹°áˆ¨áˆ³á‰½áˆ áŠ¥á‹«áˆáŠ• : áŠ á‹²áˆ± áŠ áˆ˜á‰µ á‹¨áŒ¤áŠ“ á‹¨áˆ°áˆ‹áˆáŠ“ á‹¨á‰¥áˆá…áŒáŠ“ áŠ¥áŠ•á‹²áˆ†áŠ• áŠ¥á‹¨á‰°áˆ˜áŠáŠ• áŠ¨áŠá‰³á‰½áŠ• á‰£áˆ‰á‰µ 13 á‹ˆáˆ«á‰µ á‰ á‰°áˆ»áˆˆáŠ“ á‰ áˆá‹® áŠ áŒˆáˆáŒáˆá‰µ áŠ¥áŠ•á‹°áˆáŠ•á‰€áˆ­á‰¥ á‰ƒáˆ áŠ¥áŠ•áŒˆá‰£áˆˆáŠ•á¢
2345,2024-09-09 07:34:22+00:00,-1001432982009,"ğŸ’¥ áŠ¥áŠ•á‹³á‹«áˆ˜áˆáŒ¥á‹â€¼ï¸ğŸ’¥
Dental Extraction & Care Training @ Hawassa 
ğŸ‘‰áˆ˜áˆµáŠ¨áˆ¨áˆ 19 / 2017 áŒ€áˆáˆ®Â  á‹­áˆ°áŒ£áˆá¢ 
---------------------------------------------

âœ”áŠ á‹˜áŒ‹áŒ…-Ethio-American CPD center in collaboration with selected hospitals .

Call & Register Â 

Â Â  â˜ï¸Â 0965410000  Ekram 
Â Â  
ğŸƒFor more info .follow us on telegram :-
t.me/eahci"
2344,2024-09-09 07:33:52+00:00,-1001432982009,"#á‹¨áŒáˆ­á‹›á‰µ_áˆµáˆáŒ áŠ“_Addis Ababa And Hawassa
#Circumcision_Skill_Training_@Addis Ababa&Hawassa(Adult & Neonates with Ring ) Â á‰ á‰€áˆˆá‰ á‰µáŠ“ á‹«áˆˆá‰€áˆˆá‰ á‰µ â¥Â  áˆ˜áˆµáŠ¨áˆ¨áˆ 19 /2017 á‹­áˆ°áŒ£áˆá¢(15CEU CPD & Skill)
ğŸ”¶ğŸ”¶ğŸ”¶ğŸ”¶ğŸ”¶ğŸ”¶ğŸ”¶ğŸ”¶ğŸ”¶ğŸ”¶
ğŸ‘‰á‹¨áŒáˆ­á‹›á‰µ áŠ­áˆ…áˆá‰µ áˆµáˆáŒ áŠ“ (á‰ á‰€áˆˆá‰ á‰µáŠ“ á‹«áˆˆá‰€áˆˆá‰ á‰µ - Ring /Without Ring-cut ) áˆµáˆáŒ áŠ“ 
ğŸ‘‰áŠ á‹˜áŒ‹áŒ…-Ethio-AmericanÂ  Health Consultancy & CPD Center.
ğŸ‘‰áˆ°áˆáŒ£áŠá‰½-GP,HO,Nurse,Midwif
Â Â  ğŸ“Ekram 0965410000
   ğŸ“Selam  0968670067
Â Â  ğŸ“0941404444Â  Daye
Â Â Â ğŸ“officeÂ Â Â Â Â Â  0965412222
Â Â  ğŸ“Â TinbitÂ Â Â  0942404444
Â Â Â ğŸ“OfficeÂ Â Â Â Â Â  0462124400Â  

ğŸ‘‰áˆ›áˆµá‰³á‹ˆáˆ» :-á‹¨áˆ°áˆáŒ£áŠá‰½ á‰áŒ¥áˆ­ 12 á‰¥á‰» áˆ˜áˆ†áŠ‘áŠ• áŠ¥á‹¨áŒˆáˆˆá…áŠ• á‰€á‹µáˆ˜á‹Â  á‹¨á‰°áˆ˜á‹˜áŒˆá‰¡ á‰¥á‰» á‹¨áˆšáˆµá‰°áŠ“áŒˆá‹± áˆ˜áˆ†áŠ‘áŠ• áŠ¥áŠ“áˆ³á‹á‰ƒáˆˆáŠ•á¢
ğŸ‘‰Circumcision is our Patented & Accredited Course !
:-t.me/eahci"
2343,2024-09-09 07:31:50+00:00,-1001432982009,"#áˆˆáˆáˆ‰áˆ_áŒ¤áŠ“_á‰£áˆˆáˆá‹«á‹á‰½_á‰ áˆáˆ‰áˆ_áŠ­áˆáˆá‰½áŠ“_áŠ¨á‰°áˆá‰½ áˆ‹áˆ‹á‰½áˆá¢ áˆ˜áˆµáŠ¨áˆ¨áˆ 2 /2017  áŒ€áˆáˆ® á‹­áˆ°áŒ£áˆ::
-------------------------------------------
ğŸ‘‰Pain Management
ğŸ“³0965410000 Ekram
ğŸ“³0942404444
ğŸ“³0965412222
ğŸ“³0941404444
ğŸ“³0462124400
Â Â Â  ğŸš©Organized By-(Ethio-American CPD center & Health Consultancy.)
ğŸƒWe Are Committed To Excellence In Medical Trainings â—
-join our telegram channel 
T.me/eahci"
2342,2024-09-08 09:32:50+00:00,-1001432982009,
2341,2024-09-05 08:03:53+00:00,-1001432982009,"ğŸ’¥#á‹›áˆ¬ á‹­áŒ€áˆáˆ«áˆ _CPD_training_Online_áˆˆáˆáˆ‰áˆ_áŒ¤áŠ“_á‰£áˆˆáˆá‹«á‹á‰½!!!
âœ”ï¸#Title_Integrated Emergency Medicine 
#Â áŒ³áŒ‰áˆœ 3/2016  áŒ€áˆáˆ®Â  á‹­áˆ°áŒ£áˆá¢
#áˆˆáŒ¤áŠ“_á‰£áˆˆáˆá‹«á‹á‰½_Oromia_Amhara_AA_Harari_SNNPR_Sidama_áˆ‹áˆ‹á‰½áˆá¢
--------------------------------------------
ğŸ“0965410000
ğŸ“0942404444
ğŸ“0941404444
ğŸ“0965412222
ğŸ“0462124400
Â Â Â  ğŸš©Organized By-(Ethio-American CPD center & Health Consultancy.)
ğŸƒWe Are Committed To Excellence In Medical Trainings â—
-join our telegram channel 
T.me/eahci"
2340,2024-09-04 21:11:40+00:00,-1001432982009,"Dear Ethio-American Medical Training CPD Center & Health Consultancy Team,
I would like to express my heartfelt gratitude for the exceptional training on basic obstetric ultrasound that you provided. The site selected for the training had an adequate number of cases, which significantly enhanced the practical learning experience.
I also want to acknowledge the efforts of the trainer, who delivered the material with clarity and expertise, ensuring we fully grasped the concepts and techniques. Furthermore, the coordinator's guidance and support, right from the registration process through to the completion of the course, were invaluable and greatly appreciated.
Thank you for your commitment to delivering such high-quality education. The skills and knowledge I gained will undoubtedly contribute to improving patient care in my practice.
Best regards,Â Â Â Â Â Â Â Â Â Â Â Â Â Â Â Â Â Â Â Â Â Â  Molalgn Adugna"
2339,2024-09-01 04:42:25+00:00,-1001432982009,"ğŸ’¥áŠáŒˆ á‹­áŒ€áˆáˆ«áˆ
#á‹¨áˆá‹«_áˆá‰ƒá‹µ_áˆˆáˆ›áˆ³á‹°áˆµ_á‹­áˆ˜á‹áŒˆá‰¡ğŸ’¥          

#Title= Infection Prevention 
  
ğŸ’¥15CEU
ğŸ‘‰ áŠáˆáˆ´ 29 /2016 á‹­áŒ€áˆ˜áˆ«áˆ á¢
áˆˆáˆáˆ‰áˆ áŒ¤áŠ“ á‰£áˆˆáˆá‹«á‹á‰½ á‰ áˆáˆ‰áˆ áŠ­áˆáˆá‰½áŠ“ áŠ¨á‰°áˆá‰½ áˆ‹áˆ‹á‰½áˆá¢
--------------------------------------------

ğŸ“±0965410000Â Â  
ğŸ“±0942404444Â  
ğŸ“±0941404444Â Â 
ğŸ“±0965412222Â Â  
ğŸ“±0462124400Â Â Â 
Â Â Â  Ethio-American CPD center & Health Consultancy.
ğŸƒWe Are Committed To Excellence In Medical Trainings â—
-join our telegram channel 
T.me/eahci"
2338,2024-08-30 08:09:46+00:00,-1001432982009,"#ğŸ’¥áŠáŒˆ á‹­áŒ€áˆáˆ«áˆ áŠ¥áŠ•á‹³á‹«áˆ˜áˆáŒ¦!
#Basic_Obstetric_Ultrasound_Training(#Addis_Ababa)
ğŸ‘‰áŠáˆáˆ´ 26/2016 áŒ€áˆáˆ® áˆˆ 1 áˆ³áˆáŠ•á‰µ á‹­áˆ°áŒ£áˆ á¢(áŠ¨áŠ­áˆ…áˆá‰± á‰£áˆ»áŒˆáˆ­ á‹¨15CEU CPD CertificateÂ  áŠ¥áŠ•áˆ°áŒ£áˆˆáŠ•á¢)
---------------------------------------------
â©áˆ°áˆáŒ£áŠá‰½-Medical Doctors , Medical Rad.Technologists , HO, Bsc ,& Msc Midwifery.
â©áŠ áˆ°áˆáŒ£áŠá‰½-Rad & OBGYN specialists .
ğŸš©á‹¨áˆµáˆáŒ áŠ“ á‰¦á‰³-á‰ á‰°áˆ˜áˆ¨áŒ¡ áˆ†áˆµá’á‰³áˆá‰½(#áŒ‹áŠ•á‹²_áˆ†áˆµá’á‰³áˆ)
âœ”áŠ á‹˜áŒ‹áŒ…-Ethio-American CPD center in collaboration with selected hospitals .
Call & Register 
Â Â 
Â  Â ğŸ“³ EkramÂ Â Â Â Â  0965410000
Â  Â ğŸ“³ TinbitÂ Â Â Â  Â  0942404444
Â Â  ğŸ“³Â DayeÂ Â Â Â Â Â Â Â  0941404444
Â Â Â ğŸ“³ OfficeÂ Â Â Â Â Â Â Â 0965412222 
Â Â  ğŸ“³ OfficeÂ Â Â Â Â Â Â  0462124400
ğŸƒFor more info .follow us on telegram :-
t.me/eahci"
2337,2024-08-29 20:32:56+00:00,-1001432982009,"ğŸ’¥We are hiring a Graphics Designer. If you are passionate about social media and creating content, send us your CV and portfolio  using the link below   t.me/EthiamericanCPDcenter ğŸ’¥"
2336,2024-08-28 08:56:01+00:00,-1001432982009,"ğŸ’¥ áŠáŒˆ  á‹­áŒ€áˆáˆ«áˆ   #CPD_training_For_All
#Title_Respectful_Maternity _Care(RMC)-15 CEU
#áŠáˆáˆ´ 24/2016 áŒ€áˆáˆ®á¢
#áˆˆáŒ¤áŠ“_á‰£áˆˆáˆá‹«á‹á‰½[#All_Regions]
---------------------------------------
ğŸ“³Â 0965412222
ğŸ“³0942404444 
ğŸ“³0965410000
ğŸ“³0941404444Â  
ğŸ“³0462124400
Â Â Â  ğŸš©Organized By-(Ethio-American CPD center & Health Consultancy.)
ğŸƒWe Are Committed To Excellence In Medical Trainings â—
-join our telegram channel 
T.me/eahci"
2335,2024-08-28 08:31:40+00:00,-1001432982009,"#ğŸ’¥3 á‰€áŠ• á‰€áˆ¨á‹ áŠ¥áŠ•á‹³á‹«áˆ˜áˆáŒ¦
#Basic_Obstetric_Ultrasound_Training(#Addis_Ababa)
ğŸ‘‰áŠáˆáˆ´ 26/2016 áŒ€áˆáˆ® áˆˆ 1 áˆ³áˆáŠ•á‰µ á‹­áˆ°áŒ£áˆ á¢(áŠ¨áŠ­áˆ…áˆá‰± á‰£áˆ»áŒˆáˆ­ á‹¨15CEU CPD CertificateÂ  áŠ¥áŠ•áˆ°áŒ£áˆˆáŠ•á¢)
---------------------------------------------
â©áˆ°áˆáŒ£áŠá‰½-Medical Doctors , Medical Rad.Technologists , HO, Bsc ,& Msc Midwifery.
â©áŠ áˆ°áˆáŒ£áŠá‰½-Rad & OBGYN specialists .
ğŸš©á‹¨áˆµáˆáŒ áŠ“ á‰¦á‰³-á‰ á‰°áˆ˜áˆ¨áŒ¡ áˆ†áˆµá’á‰³áˆá‰½(#áŒ‹áŠ•á‹²_áˆ†áˆµá’á‰³áˆ)
âœ”áŠ á‹˜áŒ‹áŒ…-Ethio-American CPD center in collaboration with selected hospitals .
Call & Register 
Â Â 
Â  Â ğŸ“³ EkramÂ Â Â Â Â  0965410000
Â  Â ğŸ“³ TinbitÂ Â Â Â  Â  0942404444
Â Â  ğŸ“³Â DayeÂ Â Â Â Â Â Â Â  0941404444
Â Â Â ğŸ“³ OfficeÂ Â Â Â Â Â Â Â 0965412222 
Â Â  ğŸ“³ OfficeÂ Â Â Â Â Â Â  0462124400
ğŸƒFor more info .follow us on telegram :-
t.me/eahci"
2334,2024-08-27 14:34:28+00:00,-1001432982009,"ğŸ’¥Nekemte, wollega #Basic_Obstetric_Ultrasound_Training
ğŸ‘‰áŠáˆáˆ´ 26/2016 áŒ€áˆáˆ® áˆˆ 1 áˆ³áˆáŠ•á‰µ á‹­áˆ°áŒ£áˆ á¢(áŠ¨áŠ­áˆ…áˆá‰± á‰£áˆ»áŒˆáˆ­ á‹¨15CEU CPD CertificateÂ  áŠ¥áŠ•áˆ°áŒ£áˆˆáŠ•á¢)
---------------------------------------------
â©áˆ°áˆáŒ£áŠá‰½-Medical Doctors , Medical Rad.Technologists , HO, Bsc ,& Msc Midwifery.
â©áŠ áˆ°áˆáŒ£áŠá‰½-Rad & OBGYN specialists .
ğŸš©á‹¨áˆµáˆáŒ áŠ“ á‰¦á‰³-á‰ á‰°áˆ˜áˆ¨áŒ¡ áˆ†áˆµá’á‰³áˆá‰½
âœ”áŠ á‹˜áŒ‹áŒ…-Ethio-American CPD center in collaboration with selected hospitals .
Call & Register 
Â Â 
Â  Â ğŸ“³Dr. Bultosa 0913298631-Nekemte
Â  Â ğŸ“³ TinbitÂ Â Â Â  Â Â Â  0942404444
Â Â  ğŸ“³Â EkramÂ Â Â Â Â Â Â  0965410000.
Â Â Â ğŸ“³ DayeÂ Â Â Â Â Â Â Â Â  0941400000
Â Â  ğŸ“³ OfficeÂ Â Â Â Â  Â Â 0965412222/
0462124400Â Â Â Â Â Â Â  
ğŸƒFor more info .follow us on telegram :-
t.me/eahci"
2333,2024-08-27 11:08:33+00:00,-1001432982009,"#CPD_training_For_All
#Title_Respectful_Maternity _Care(RMC)-15 CEU/ 950BirrğŸ’¥
#áŠáˆáˆ´ 23 /2016 áŒ€áˆáˆ®á¢
#áˆˆáŒ¤áŠ“_á‰£áˆˆáˆá‹«á‹á‰½[#All_Regions]
---------------------------------------
ğŸ“³Â 0965410000 
ğŸ“³0942404444 
ğŸ“³0965412222Â 
ğŸ“³0941404444Â  
ğŸ“³0462124400
Â Â Â  ğŸš©Organized By-(Ethio-American CPD center & Health Consultancy.)
ğŸƒWe Are Committed To Excellence In Medical Trainings â—
-join our telegram channel 
T.me/eahci"
2332,2024-08-27 09:57:37+00:00,-1001432982009,
2331,2024-08-27 07:31:25+00:00,-1001432982009,"#Dental Extraction(#áŒ¥áˆ­áˆµ_áˆ˜áŠ•á‰€áˆ) & Care Training 
Â Â Â Â Â Â Â Â Â Â Â Â Â Â Â Â Â Â Â Â  @ Hawassa 
ğŸ‘‰áŠáˆáˆ´ 26/ 2016 áŒ€áˆáˆ®Â  á‹­áˆ°áŒ£áˆá¢ 
---------------------------------------------

âœ”áŠ á‹˜áŒ‹áŒ…-Ethio-American CPD center in collaboration with selected hospitals .

Call & Register Â 

Â Â  â˜ï¸Â 0965410000
Â Â  â˜ï¸0942404444
Â Â  â˜ï¸0941404444
Â Â Â â˜ï¸0965412222 

ğŸƒFor more info .follow us on telegram :-
t.me/eahci"
2330,2024-08-26 09:23:31+00:00,-1001432982009,"#ğŸ’¥2 á‰€áŠ• á‰€áˆ¨á‹ áŠ¥áŠ•á‹³á‹«áˆ˜áˆáŒ¦
#Basic_Obstetric_Ultrasound_Training(#Addis_Ababa)
ğŸ‘‰áŠáˆáˆ´ 26/2016 áŒ€áˆáˆ® áˆˆ 1 áˆ³áˆáŠ•á‰µ á‹­áˆ°áŒ£áˆ á¢(áŠ¨áŠ­áˆ…áˆá‰± á‰£áˆ»áŒˆáˆ­ á‹¨15CEU CPD CertificateÂ  áŠ¥áŠ•áˆ°áŒ£áˆˆáŠ•á¢)
---------------------------------------------
â©áˆ°áˆáŒ£áŠá‰½-Medical Doctors , Medical Rad.Technologists , HO, Bsc ,& Msc Midwifery.
â©áŠ áˆ°áˆáŒ£áŠá‰½-Rad & OBGYN specialists .
ğŸš©á‹¨áˆµáˆáŒ áŠ“ á‰¦á‰³-á‰ á‰°áˆ˜áˆ¨áŒ¡ áˆ†áˆµá’á‰³áˆá‰½(#áŒ‹áŠ•á‹²_áˆ†áˆµá’á‰³áˆ)
âœ”áŠ á‹˜áŒ‹áŒ…-Ethio-American CPD center in collaboration with selected hospitals .
Call & Register 
Â Â 
Â  Â ğŸ“³ EkramÂ Â Â Â Â  0965410000
Â  Â ğŸ“³ TinbitÂ Â Â Â  Â  0942404444
Â Â  ğŸ“³Â DayeÂ Â Â Â Â Â Â Â  0941404444
Â Â Â ğŸ“³ OfficeÂ Â Â Â Â Â Â Â 0965412222 
Â Â  ğŸ“³ OfficeÂ Â Â Â Â Â Â  0462124400
ğŸƒFor more info .follow us on telegram :-
t.me/eahci"
2329,2024-08-26 09:19:04+00:00,-1001432982009,"ğŸ’¥Circumcision_Skill _Training
#Hawassa_and_Addis_Ababa 

ğŸ‘‰á‹¨áŒáˆ­á‹›á‰µ áŠ­áˆ…áˆá‰µ áˆµáˆáŒ áŠ“ (á‰ á‰€áˆˆá‰ á‰µáŠ“ á‹«áˆˆá‰€áˆˆá‰ á‰µ - Ring /Without Ring-cut ) 
ğŸ‘‰áŠáˆáˆ´ 26/2016 áŒ€áˆáˆ® áˆˆ 1 áˆ³áˆáŠ•á‰µ á‹­áˆ°áŒ£áˆ á¢áŠ¨áŠ­áˆ…áˆá‰± á‰£áˆ»áŒˆáˆ­ á‹¨15 CEU CPD CertificateÂ  áŠ¥áŠ•áˆ°áŒ£áˆˆáŠ•á¢Â  
ğŸ‘‰áŠ á‹˜áŒ‹áŒ…-Ethio-AmericanÂ  Health Consultancy & CPD Center.

â©áˆ°áˆáŒ£áŠá‰½-Medical Doctors , HO,Nurses , Bsc & Msc Midwifery.
Call & Register

Â Â  â˜ï¸0965410000 
Â Â  â˜ï¸0942404444 
Â Â  â˜ï¸0941404444
Â Â Â â˜ï¸0965412222
Â Â  â˜ï¸0462124400 
ğŸ‘‰áˆ›áˆµá‰³á‹ˆáˆ» :-á‹¨áˆ°áˆáŒ£áŠá‰½ á‰áŒ¥áˆ­ 12 á‰¥á‰» áˆ˜áˆ†áŠ‘áŠ• áŠ¥á‹¨áŒˆáˆˆá…áŠ• á‰€á‹µáˆ˜á‹Â  á‹¨á‰°áˆ˜á‹˜áŒˆá‰¡ á‰¥á‰» á‹¨áˆšáˆµá‰°áŠ“áŒˆá‹± áˆ˜áˆ†áŠ‘áŠ• áŠ¥áŠ“áˆ³á‹á‰ƒáˆˆáŠ•á¢
ğŸ‘‰Circumcision is our Patented & Accredited Course !
ğŸƒFor more info .follow us on telegram :-
t.me/eahci"
2328,2024-08-25 12:28:27+00:00,-1001432982009,"#ğŸ’¥á‹›áˆ¬ á‹­áŒ€áˆáˆ«áˆ
#á‹¨áˆá‹«_áˆá‰ƒá‹µ_áˆˆáˆ›áˆ³á‹°áˆµ_á‹­áˆ˜á‹áŒˆá‰¡ğŸ’¥Â Â Â 

 #CPD_training_áˆˆáˆáˆ‰áˆ_áŒ¤áŠ“_á‰£áˆˆáˆá‹«á‹á‰½!!!
âœ”ï¸#Title_Antimicrobial Drug Resistance 
#Â áŠáˆáˆ´ 19/2016 áŒ€áˆáˆ®Â  á‹­áˆ°áŒ£áˆá¢
#áˆˆáŒ¤áŠ“_á‰£áˆˆáˆá‹«á‹á‰½_Oromia_Amhara_AA_Harari_SNNPR_Sidama_áˆ‹áˆ‹á‰½áˆá¢
--------------------------------------------

ğŸ“³0965410000
ğŸ“³0942404444Â  
ğŸ“³0965412222Â 
ğŸ“³0941404444Â  
ğŸ“³0462124400
Â Â Â  ğŸš©Organized By-(Ethio-American CPD center & Health Consultancy.)
ğŸƒWe Are Committed To Excellence In Medical Trainings â—
-join our telegram channel 
T.me/eahci"
2327,2024-08-24 08:06:28+00:00,-1001432982009,"ğŸ’¥#áŠáŒˆ á‹­áŒ€áˆáˆ«áˆ #CPD_training_áˆˆáˆáˆ‰áˆ_áŒ¤áŠ“_á‰£áˆˆáˆá‹«á‹á‰½!!!
âœ”ï¸#Title_Antimicrobial Drug Resistance 
#Â áŠáˆáˆ´ 19/2016 áŒ€áˆáˆ®Â  á‹­áˆ°áŒ£áˆá¢
#áˆˆáŒ¤áŠ“_á‰£áˆˆáˆá‹«á‹á‰½_Oromia_Amhara_AA_Harari_SNNPR_Sidama_áˆ‹áˆ‹á‰½áˆá¢
--------------------------------------------
ğŸ“±0965410000
ğŸ“³0942404444Â  Tinbit
ğŸ“³0965412222Â 
ğŸ“³0941404444Â  
ğŸ“³0462124400
Â Â Â  ğŸš©Organized By-(Ethio-American CPD center & Health Consultancy.)
ğŸƒWe Are Committed To Excellence In Medical Trainings â—
-join our telegram channel 
T.me/eahci"
2326,2024-08-21 09:00:51+00:00,-1001432982009,"ğŸ’¥#CPD_training_áˆˆáˆáˆ‰áˆ_áŒ¤áŠ“_á‰£áˆˆáˆá‹«á‹á‰½!!!
âœ”ï¸#Title_Antimicrobial Drug Resistance 
#Â áŠáˆáˆ´ 18/2016 áŒ€áˆáˆ®Â  á‹­áˆ°áŒ£áˆá¢
#áˆˆáŒ¤áŠ“_á‰£áˆˆáˆá‹«á‹á‰½_Oromia_Amhara_AA_Harari_SNNPR_Sidama_áˆ‹áˆ‹á‰½áˆá¢
--------------------------------------------
ğŸ“±0965410000  Ekram
ğŸ“³0942404444Â  Tinbit
ğŸ“³0965412222Â  Birukti
ğŸ“³0941404444Â  
ğŸ“³0462124400
Â Â Â  ğŸš©Organized By-(Ethio-American CPD center & Health Consultancy.)
ğŸƒWe Are Committed To Excellence In Medical Trainings â—
-join our telegram channel 
T.me/eahci"
2325,2024-08-21 06:21:42+00:00,-1001432982009,"ğŸ’¥Circumcision_Skill _Training
#Hawassa_and_Addis_Ababa 

ğŸ‘‰á‹¨áŒáˆ­á‹›á‰µ áŠ­áˆ…áˆá‰µ áˆµáˆáŒ áŠ“ (á‰ á‰€áˆˆá‰ á‰µáŠ“ á‹«áˆˆá‰€áˆˆá‰ á‰µ - Ring /Without Ring-cut ) 
ğŸ‘‰áŠáˆáˆ´ 26/2016 áŒ€áˆáˆ® áˆˆ 1 áˆ³áˆáŠ•á‰µ á‹­áˆ°áŒ£áˆ á¢áŠ¨áŠ­áˆ…áˆá‰± á‰£áˆ»áŒˆáˆ­ á‹¨15 CEU CPD CertificateÂ  áŠ¥áŠ•áˆ°áŒ£áˆˆáŠ•á¢Â  
ğŸ‘‰áŠ á‹˜áŒ‹áŒ…-Ethio-AmericanÂ  Health Consultancy & CPD Center.

â©áˆ°áˆáŒ£áŠá‰½-Medical Doctors , HO,Nurses , Bsc & Msc Midwifery.
Call & Register

Â Â  â˜ï¸0965410000 
Â Â  â˜ï¸0942404444 
Â Â  â˜ï¸0941404444
Â Â Â â˜ï¸0965412222
Â Â  â˜ï¸0462124400 
ğŸ‘‰áˆ›áˆµá‰³á‹ˆáˆ» :-á‹¨áˆ°áˆáŒ£áŠá‰½ á‰áŒ¥áˆ­ 12 á‰¥á‰» áˆ˜áˆ†áŠ‘áŠ• áŠ¥á‹¨áŒˆáˆˆá…áŠ• á‰€á‹µáˆ˜á‹Â  á‹¨á‰°áˆ˜á‹˜áŒˆá‰¡ á‰¥á‰» á‹¨áˆšáˆµá‰°áŠ“áŒˆá‹± áˆ˜áˆ†áŠ‘áŠ• áŠ¥áŠ“áˆ³á‹á‰ƒáˆˆáŠ•á¢
ğŸ‘‰Circumcision is our Patented & Accredited Course !
ğŸƒFor more info .follow us on telegram :-
t.me/eahci"
2324,2024-08-21 04:35:40+00:00,-1001432982009,"#Basic_Obstetric_Ultrasound_Training(#Addis_Ababa_Adama)
ğŸ‘‰áŠáˆáˆ´ 19/2016 áŒ€áˆáˆ® áˆˆ 1 áˆ³áˆáŠ•á‰µ á‹­áˆ°áŒ£áˆ á¢(áŠ¨áŠ­áˆ…áˆá‰± á‰£áˆ»áŒˆáˆ­ á‹¨15CEU CPD CertificateÂ  áŠ¥áŠ•áˆ°áŒ£áˆˆáŠ•á¢)
---------------------------------------------
â©áˆ°áˆáŒ£áŠá‰½-Medical Doctors , Medical Rad.Technologists , HO, Bsc ,& Msc Midwifery.
â©áŠ áˆ°áˆáŒ£áŠá‰½-Rad & OBGYN specialists .
ğŸš©á‹¨áˆµáˆáŒ áŠ“ á‰¦á‰³-á‰ á‰°áˆ˜áˆ¨áŒ¡ áˆ†áˆµá’á‰³áˆá‰½(#áŒ‹áŠ•á‹²_áˆ†áˆµá’á‰³áˆ,#áŠ á‹³áˆ¬_áˆ€á‹‹áˆ³,#áŠ á‹³áˆ›_áŒ€áŠáˆ«áˆ)
âœ”áŠ á‹˜áŒ‹áŒ…-Ethio-American CPD center in collaboration with selected hospitals .
Call & Register 
Â Â 
Â  Â ğŸ“³ EkramÂ Â Â Â Â  0965410000
Â  Â ğŸ“³ TinbitÂ Â Â Â  Â  0942404444
Â Â  ğŸ“³Â DayeÂ Â Â Â Â Â Â Â  0941404444
Â Â Â ğŸ“³ OfficeÂ Â Â Â Â Â Â Â 0965412222 
Â Â  ğŸ“³ OfficeÂ Â Â Â Â Â Â  0462124400
ğŸƒFor more info .follow us on telegram :-
t.me/eahci"
2323,2024-08-20 08:06:34+00:00,-1001432982009,"#ğŸ’¥á‹›áˆ¬ á‹­áŒ€áˆáˆ«áˆ
#á‹¨áˆá‹«_áˆá‰ƒá‹µ_áˆˆáˆ›áˆ³á‹°áˆµ_á‹­áˆ˜á‹áŒˆá‰¡ğŸ’¥Â Â Â Â Â Â Â Â Â  

#Title= MEDICAL ETHICS 
Â  
ğŸ’¥15CEU
ğŸ‘‰ áŠáˆáˆ´ 14 / 2016 á‹­áŒ€áˆ˜áˆ«áˆ á¢
áˆˆáˆáˆ‰áˆ áŒ¤áŠ“ á‰£áˆˆáˆá‹«á‹á‰½ á‰ áˆáˆ‰áˆ áŠ­áˆáˆá‰½áŠ“ áŠ¨á‰°áˆá‰½ áˆ‹áˆ‹á‰½áˆá¢
--------------------------------------------

ğŸ“±0965410000Â Â  
ğŸ“±0942404444Â  
ğŸ“±0941404444Â Â 
ğŸ“±0965412222Â Â  
ğŸ“±0462124400Â Â Â 
Â Â Â  Ethio-American CPD center & Health Consultancy.
ğŸƒWe Are Committed To Excellence In Medical Trainings â—
-join our telegram channel 
T.me/eahci"
2322,2024-08-19 14:22:44+00:00,-1001432982009,"#ğŸ’¥áŠáŒˆ á‹­áŒ€áˆáˆ«áˆ
#á‹¨áˆá‹«_áˆá‰ƒá‹µ_áˆˆáˆ›áˆ³á‹°áˆµ_á‹­áˆ˜á‹áŒˆá‰¡ğŸ’¥Â Â Â Â Â Â Â Â Â  

#Title= MEDICAL ETHICS 
Â  
ğŸ’¥15CEU
ğŸ‘‰ áŠáˆáˆ´ 14 / 2016 á‹­áŒ€áˆ˜áˆ«áˆ á¢
áˆˆáˆáˆ‰áˆ áŒ¤áŠ“ á‰£áˆˆáˆá‹«á‹á‰½ á‰ áˆáˆ‰áˆ áŠ­áˆáˆá‰½áŠ“ áŠ¨á‰°áˆá‰½ áˆ‹áˆ‹á‰½áˆá¢
--------------------------------------------

ğŸ“±0965410000Â Â  
ğŸ“±0942404444Â  
ğŸ“±0941404444Â Â 
ğŸ“±0965412222Â Â  
ğŸ“±0462124400Â Â Â 
Â Â Â  Ethio-American CPD center & Health Consultancy.
ğŸƒWe Are Committed To Excellence In Medical Trainings â—
-join our telegram channel 
T.me/eahci"
2321,2024-08-18 21:08:51+00:00,-1001432982009,"ğŸ’¥#Adult_ECHO_Training_@#Hawassa_By_Cardiologist_for_InternistsğŸ’¥ ( #We_have_Only_two_trainees_Position)
#For_internists_only !
ğŸ‘‰Lecture will start in the upcoming week.
#Hands_on training !
#Register_Soon_And_Get_Certified 
ğŸ“0965410000
ğŸ“0965412222
ğŸ“0941038774/Office /

(#Hosted_By: Ethio-Americans In Collaboration )
T.me/eahci"
2320,2024-08-18 10:27:34+00:00,-1001432982009,
2319,2024-08-18 07:04:33+00:00,-1001432982009,"#ğŸ’¥á‹¨áˆá‹«_áˆá‰ƒá‹µ_áˆˆáˆ›áˆ³á‹°áˆµ_á‹­áˆ˜á‹áŒˆá‰¡ğŸ’¥          

#Title= MEDICAL ETHICS 
  
ğŸ’¥15CEU
ğŸ‘‰ áŠáˆáˆ´ 14 / 2016 á‹­áŒ€áˆ˜áˆ«áˆ á¢
áˆˆáˆáˆ‰áˆ áŒ¤áŠ“ á‰£áˆˆáˆá‹«á‹á‰½ á‰ áˆáˆ‰áˆ áŠ­áˆáˆá‰½áŠ“ áŠ¨á‰°áˆá‰½ áˆ‹áˆ‹á‰½áˆá¢
--------------------------------------------

ğŸ“±0965410000Â Â  
ğŸ“±0942404444Â  
ğŸ“±0941404444Â Â 
ğŸ“±0965412222Â Â  
ğŸ“±0462124400Â Â Â 
Â Â Â  Ethio-American CPD center & Health Consultancy.
ğŸƒWe Are Committed To Excellence In Medical Trainings â—
-join our telegram channel 
T.me/eahci"
2318,2024-08-17 06:51:05+00:00,-1001432982009,"ğŸ’¥Hawssa_áŠáŒˆ á‹­áŒ€áˆáˆ«áˆ áŠ¥áŠ•á‹³á‹«áˆ˜áˆáŒ¥á‹ ğŸ’¥

#Basic_Obstetric_Ultrasound_Training

ğŸ‘‰áŠáˆáˆ´ 12 /2016 áŒ€áˆáˆ® áˆˆ 1 áˆ³áˆáŠ•á‰µ á‹­áˆ°áŒ£áˆ á¢(áŠ¨áŠ­áˆ…áˆá‰± á‰£áˆ»áŒˆáˆ­ á‹¨15CEU CPD CertificateÂ  áŠ¥áŠ•áˆ°áŒ£áˆˆáŠ•á¢)
---------------------------------------------
â©áˆ°áˆáŒ£áŠá‰½-Medical Doctors , Medical Rad.Technologists , HO, Bsc ,& Msc Midwifery.
â©áŠ áˆ°áˆáŒ£áŠá‰½-Rad & OBGYN specialists .
ğŸš©á‹¨áˆµáˆáŒ áŠ“ á‰¦á‰³-á‰ á‰°áˆ˜áˆ¨áŒ¡ áˆ†áˆµá’á‰³áˆá‰½
âœ”áŠ á‹˜áŒ‹áŒ…-Ethio-American CPD center in collaboration with selected hospitals .
Call & Register 
Â Â 
Â  Â ğŸ“³ EkramÂ Â Â Â Â  0965410000
Â  Â ğŸ“³ TinbitÂ Â Â Â  Â  0942404444
Â Â  ğŸ“³Â DayeÂ Â Â Â Â Â Â Â  0941404444
Â Â Â ğŸ“³ OfficeÂ Â Â Â Â Â Â Â 0965412222 
Â Â  ğŸ“³ OfficeÂ Â Â Â Â Â Â  0462124400
ğŸƒFor more info .follow us on telegram :-
t.me/eahci"
2317,2024-08-16 14:09:06+00:00,-1001432982009,"ğŸ’¥2_á‰€áŠ•_á‰€áˆ¨á‹ áŠ¥áŠ•á‹³á‹«áˆ˜áˆáŒ¥á‹ ğŸ’¥

#Basic_Obstetric_Ultrasound_Training

@ ğŸ’¥Hawassa

ğŸ‘‰áŠáˆáˆ´ 12 /2016 áŒ€áˆáˆ® áˆˆ 1 áˆ³áˆáŠ•á‰µ á‹­áˆ°áŒ£áˆ á¢(áŠ¨áŠ­áˆ…áˆá‰± á‰£áˆ»áŒˆáˆ­ á‹¨15CEU CPD CertificateÂ  áŠ¥áŠ•áˆ°áŒ£áˆˆáŠ•á¢)
---------------------------------------------
â©áˆ°áˆáŒ£áŠá‰½-Medical Doctors , Medical Rad.Technologists , HO, Bsc ,& Msc Midwifery.
â©áŠ áˆ°áˆáŒ£áŠá‰½-Rad & OBGYN specialists .
ğŸš©á‹¨áˆµáˆáŒ áŠ“ á‰¦á‰³-á‰ á‰°áˆ˜áˆ¨áŒ¡ áˆ†áˆµá’á‰³áˆá‰½
âœ”áŠ á‹˜áŒ‹áŒ…-Ethio-American CPD center in collaboration with selected hospitals .
Call & Register 
Â Â 
Â  Â ğŸ“³ EkramÂ Â Â Â Â  0965410000
Â  Â ğŸ“³ TinbitÂ Â Â Â  Â  0942404444
Â Â  ğŸ“³Â DayeÂ Â Â Â Â Â Â Â  0941404444
Â Â Â ğŸ“³ OfficeÂ Â Â Â Â Â Â Â 0965412222 
Â Â  ğŸ“³ OfficeÂ Â Â Â Â Â Â  0462124400
ğŸƒFor more info .follow us on telegram :-
t.me/eahci"
2316,2024-08-16 10:37:10+00:00,-1001432982009,"#ğŸ’¥á‹¨áˆá‹«_áˆá‰ƒá‹µ_áˆˆáˆ›áˆ³á‹°áˆµ_á‹­áˆ˜á‹áŒˆá‰¡ğŸ’¥          

#Title= MEDICAL ETHICS 
  
ğŸ’¥15CEU
ğŸ‘‰ áŠáˆáˆ´ 13 /2016 á‹­áŒ€áˆ˜áˆ«áˆ á¢
áˆˆáˆáˆ‰áˆ áŒ¤áŠ“ á‰£áˆˆáˆá‹«á‹á‰½ á‰ áˆáˆ‰áˆ áŠ­áˆáˆá‰½áŠ“ áŠ¨á‰°áˆá‰½ áˆ‹áˆ‹á‰½áˆá¢
--------------------------------------------

ğŸ“±0965410000Â Â  
ğŸ“±0942404444Â  
ğŸ“±0941404444Â Â 
ğŸ“±0965412222Â Â  
ğŸ“±0462124400Â Â Â 
Â Â Â  Ethio-American CPD center & Health Consultancy.
ğŸƒWe Are Committed To Excellence In Medical Trainings â—
-join our telegram channel 
T.me/eahci"
2315,2024-08-15 17:49:01+00:00,-1001432982009,"#Basic_Obstetric_Ultrasound_Training

@ ğŸ’¥Hawassa

ğŸ‘‰áŠáˆáˆ´ 12 /2016 áŒ€áˆáˆ® áˆˆ 1 áˆ³áˆáŠ•á‰µ á‹­áˆ°áŒ£áˆ á¢(áŠ¨áŠ­áˆ…áˆá‰± á‰£áˆ»áŒˆáˆ­ á‹¨15CEU CPD CertificateÂ  áŠ¥áŠ•áˆ°áŒ£áˆˆáŠ•á¢)
---------------------------------------------
â©áˆ°áˆáŒ£áŠá‰½-Medical Doctors , Medical Rad.Technologists , HO, Bsc ,& Msc Midwifery.
â©áŠ áˆ°áˆáŒ£áŠá‰½-Rad & OBGYN specialists .
ğŸš©á‹¨áˆµáˆáŒ áŠ“ á‰¦á‰³-á‰ á‰°áˆ˜áˆ¨áŒ¡ áˆ†áˆµá’á‰³áˆá‰½
âœ”áŠ á‹˜áŒ‹áŒ…-Ethio-American CPD center in collaboration with selected hospitals .
Call & Register 
Â Â 
Â  Â ğŸ“³ EkramÂ Â Â Â Â  0965410000
Â  Â ğŸ“³ TinbitÂ Â Â Â  Â  0942404444
Â Â  ğŸ“³Â DayeÂ Â Â Â Â Â Â Â  0941404444
Â Â Â ğŸ“³ OfficeÂ Â Â Â Â Â Â Â 0965412222 
Â Â  ğŸ“³ OfficeÂ Â Â Â Â Â Â  0462124400
ğŸƒFor more info .follow us on telegram :-
t.me/eahci"
2314,2024-08-15 17:34:51+00:00,-1001432982009,
2313,2024-08-14 17:33:20+00:00,-1001432982009,
2312,2024-08-14 14:11:29+00:00,-1001432982009,"#CPD
ğŸ’¥ áŠáŒˆ á‹­áŒ€áˆáˆ«áˆ áŠ¥áŠ•á‹³á‹«áˆ˜áˆáŒ¥á‹â—
#áˆˆáˆáˆ‰áˆ_áŒ¤áŠ“_á‰£áˆˆáˆá‹«á‹á‰½_á‰ áˆáˆ‰áˆ_áŠ­áˆáˆá‰½áŠ“_áŠ¨á‰°áˆá‰½ áˆ‹áˆ‹á‰½áˆá¢ áŠáˆáˆ´ 9 /2016 áŒ€áˆáˆ® á‹­áˆ°áŒ£áˆ::
--------------------------------------
ğŸ‘‰Syndromic Management of (STIs)   15CEU

â˜ï¸0965410000
â˜ï¸0942404444
â˜ï¸0941404444
â˜ï¸0965412222
â˜ï¸0462124400
Â Â Â 
 ğŸš©Organized By-(Ethio-American CPD center & Health Consultancy.)
ğŸƒWe Are Committed To Excellence In Medical Trainings â—
-join our telegram channel 
T.me/eahci"
2311,2024-08-13 11:49:53+00:00,-1001432982009,"#Basic_Obstetric_Ultrasound_Training(#Addis_Ababa_Adama)
ğŸ‘‰áŠáˆáˆ´ 19/2016 áŒ€áˆáˆ® áˆˆ 1 áˆ³áˆáŠ•á‰µ á‹­áˆ°áŒ£áˆ á¢(áŠ¨áŠ­áˆ…áˆá‰± á‰£áˆ»áŒˆáˆ­ á‹¨15CEU CPD CertificateÂ  áŠ¥áŠ•áˆ°áŒ£áˆˆáŠ•á¢)
---------------------------------------------
â©áˆ°áˆáŒ£áŠá‰½-Medical Doctors , Medical Rad.Technologists , HO, Bsc ,& Msc Midwifery.
â©áŠ áˆ°áˆáŒ£áŠá‰½-Rad & OBGYN specialists .
ğŸš©á‹¨áˆµáˆáŒ áŠ“ á‰¦á‰³-á‰ á‰°áˆ˜áˆ¨áŒ¡ áˆ†áˆµá’á‰³áˆá‰½(#áŒ‹áŠ•á‹²_áˆ†áˆµá’á‰³áˆ,#áŠ á‹³áˆ¬_áˆ€á‹‹áˆ³,#áŠ á‹³áˆ›_áŒ€áŠáˆ«áˆ)
âœ”áŠ á‹˜áŒ‹áŒ…-Ethio-American CPD center in collaboration with selected hospitals .
Call & Register 
Â Â 
Â  Â ğŸ“³ EkramÂ Â Â Â Â  0965410000
Â  Â ğŸ“³ TinbitÂ Â Â Â  Â  0942404444
Â Â  ğŸ“³Â DayeÂ Â Â Â Â Â Â Â  0941404444
Â Â Â ğŸ“³ OfficeÂ Â Â Â Â Â Â Â 0965412222 
Â Â  ğŸ“³ OfficeÂ Â Â Â Â Â Â  0462124400
ğŸƒFor more info .follow us on telegram :-
t.me/eahci"
2310,2024-08-12 06:24:08+00:00,-1001432982009,"ğŸ’¥#_CPD_
#áˆˆáˆáˆ‰áˆ_áŒ¤áŠ“_á‰£áˆˆáˆá‹«á‹á‰½_á‰ áˆáˆ‰áˆ_áŠ­áˆáˆá‰½áŠ“_áŠ¨á‰°áˆá‰½ áˆ‹áˆ‹á‰½áˆá¢ áŠáˆáˆ´ 8/2016 áŒ€áˆáˆ® á‹­áˆ°áŒ£áˆ::
--------------------------------------
ğŸ‘‰Syndromic Management of (STI)15CEU

ğŸ“³0941404444
ğŸ“³0942404444
ğŸ“³0965410000
ğŸ“³0965412222
ğŸ“³0462124400
Â Â Â  ğŸš©Organized By-(Ethio-American CPD center & Health Consultancy.)
ğŸƒWe Are Committed To Excellence In Medical Trainings â—
-join our telegram channel 
T.me/eahci"
2309,2024-08-11 17:58:29+00:00,-1001432982009,
2308,2024-08-11 17:58:29+00:00,-1001432982009,"#Slightly_Used_Ultrasound_For_sale(inbox only 0913421022)
â¯Model-Mindray DP 50
â¯Two Probes ( Curved & linear )
â¯One Printer 
â¯Used for 8 months 
â¯Price 600,000ETB
â¯Machine Location =Shashemene 
â¯Safe !!"
2307,2024-08-11 15:45:44+00:00,-1001432982009,
2306,2024-08-11 15:43:59+00:00,-1001432982009,"#Basic_Obstetric_Ultrasound_Training(#Addis_Ababa,#Hawassa_Adama)
ğŸ‘‰áŠáˆáˆ´ 12 /2016 áŒ€áˆáˆ® áˆˆ 1 áˆ³áˆáŠ•á‰µ á‹­áˆ°áŒ£áˆ á¢(áŠ¨áŠ­áˆ…áˆá‰± á‰£áˆ»áŒˆáˆ­ á‹¨15CEU CPD CertificateÂ  áŠ¥áŠ•áˆ°áŒ£áˆˆáŠ•á¢)
---------------------------------------------
â©áˆ°áˆáŒ£áŠá‰½-Medical Doctors , Medical Rad.Technologists , HO, Bsc ,& Msc Midwifery.
â©áŠ áˆ°áˆáŒ£áŠá‰½-Rad & OBGYN specialists .
ğŸš©á‹¨áˆµáˆáŒ áŠ“ á‰¦á‰³-á‰ á‰°áˆ˜áˆ¨áŒ¡ áˆ†áˆµá’á‰³áˆá‰½(#áŒ‹áŠ•á‹²_áˆ†áˆµá’á‰³áˆ,#áŠ á‹³áˆ¬_áˆ€á‹‹áˆ³,#áŠ á‹³áˆ›_áŒ€áŠáˆ«áˆ)
âœ”áŠ á‹˜áŒ‹áŒ…-Ethio-American CPD center in collaboration with selected hospitals .
Call & Register 
Â Â 
Â  Â ğŸ“³ EkramÂ Â Â Â Â  0965410000
Â  Â ğŸ“³ TinbitÂ Â Â Â  Â  0942404444
Â Â  ğŸ“³Â DayeÂ Â Â Â Â Â Â Â  0941404444
Â Â Â ğŸ“³ OfficeÂ Â Â Â Â Â Â Â 0965412222 
Â Â  ğŸ“³ OfficeÂ Â Â Â Â Â Â  0462124400
ğŸƒFor more info .follow us on telegram :-
t.me/eahci"
2305,2024-08-10 17:09:43+00:00,-1001432982009,"#Addis abeba, Hawassa  and  Adama_Basic_Obstetric -Ultrasound_Training
ğŸ‘‰áŠáˆáˆ´ 12 /2016 áŒ€áˆáˆ® áˆˆ 1 áˆ³áˆáŠ•á‰µ á‹­áˆ°áŒ£áˆ á¢(áŠ¨áŠ­áˆ…áˆá‰± á‰£áˆ»áŒˆáˆ­ á‹¨15CEU CPD CertificateÂ  áŠ¥áŠ•áˆ°áŒ£áˆˆáŠ•á¢)
---------------------------------------------
â©áˆ°áˆáŒ£áŠá‰½-Medical Doctors , Medical Rad.Technologists , HO, Bsc ,& Msc Midwifery.
â©áŠ áˆ°áˆáŒ£áŠá‰½-Rad & OBGYN specialists .
ğŸš©á‹¨áˆµáˆáŒ áŠ“ á‰¦á‰³-á‰ á‰°áˆ˜áˆ¨áŒ¡ áˆ†áˆµá’á‰³áˆá‰½
âœ”áŠ á‹˜áŒ‹áŒ…-Ethio-American CPD center in collaboration with selected hospitals .
Call & Register 
Â Â 
Â  Â ğŸ“³ EkramÂ Â Â Â Â  0965410000
Â  Â ğŸ“³ TinbitÂ Â Â Â  Â  0942404444
Â Â  ğŸ“³Â DayeÂ Â Â Â Â Â Â   0941404444
Â Â Â ğŸ“³ OfficeÂ Â Â Â Â Â Â Â 0965412222 
Â Â  ğŸ“³ OfficeÂ Â Â Â Â Â Â  0462124400
ğŸƒFor more info .follow us on telegram :-
t.me/eahci"
2304,2024-08-10 08:50:07+00:00,-1001432982009,"Â  #ğŸ’¥á‹›áˆ¬ á‹­áŒ€áˆáˆ«áˆğŸ’¥á‹¨áˆá‹«_áˆá‰ƒá‹µ_áˆˆáˆ›áˆ³á‹°áˆµ_CPD_á‹­áˆ˜á‹áŒˆá‰¡
#Title= NON communicable Disease Management ğŸ”¶15CEU
ğŸ‘‰ áŠáˆáˆ´ 4/2016 á‹­áŒ€áˆ˜áˆ«áˆ á¢
áˆˆáˆáˆ‰áˆ áŒ¤áŠ“ á‰£áˆˆáˆá‹«á‹á‰½ á‰ áˆáˆ‰áˆ áŠ­áˆáˆá‰½áŠ“ áŠ¨á‰°áˆá‰½ áˆ‹áˆ‹á‰½áˆá¢
--------------------------------------------
ğŸ“±0942404444Â  Tinbit
ğŸ“±0965410000Â Â  Ekram
ğŸ“±0941404444Â Â  daye
ğŸ“±0965412222Â Â  office 
ğŸ“³0462124400Â Â Â  office
Â Â Â  Ethio-American CPD center & Health Consultancy.
ğŸƒWe Are Committed To Excellence In Medical Trainings â—
-join our telegram channel 
T.me/eahci"
2303,2024-08-09 15:00:50+00:00,-1001432982009,"#ğŸ’¥ áŠ¥áŠ•á‹³á‹«áˆ˜áˆáŒ¥á‹

Basic Abdominal Ultrasound Training @ Hawassa 
ğŸ‘‰áŠáˆáˆ´ 13/ 2016 áŒ€áˆáˆ®Â  á‹­áˆ°áŒ£áˆá¢ 
---------------------------------------------

âœ”áŠ á‹˜áŒ‹áŒ…-Ethio-American CPD center in collaboration with selected hospitals .
Call & Register Â 
Â Â  ğŸ“³Â 0965410000
Â Â  ğŸ“³0942404444
Â Â  ğŸ“³0941404444
Â Â Â ğŸ“³0965412222 
ğŸƒFor more info .follow us on telegram :-
t.me/eahci"
2302,2024-08-09 08:08:30+00:00,-1001432982009,"ğŸ’¥ áŠáŒˆ á‹­áŒ€áˆáˆ«áˆ áŠ¥áŠ•á‹³á‹«áˆ˜áˆáŒ¥á‹â—â—ğŸ’¥   á‹¨áˆá‹«_áˆá‰ƒá‹µ_áˆˆáˆ›áˆ³á‹°áˆµ_á‹­áˆ˜á‹áŒˆá‰¡

#Title= Non-Communicable Diseases Management (15 CEU)

ğŸ‘‰ áŠáˆáˆ´ 4 /2016 á‹­áŒ€áˆ˜áˆ«áˆ á¢
áˆˆáˆáˆ‰áˆ áŒ¤áŠ“ á‰£áˆˆáˆá‹«á‹á‰½ á‰ áˆáˆ‰áˆ áŠ­áˆáˆá‰½áŠ“ áŠ¨á‰°áˆá‰½ áˆ‹áˆ‹á‰½áˆá¢
--------------------------------------------

â˜ï¸0965410000
â˜ï¸0942404444
â˜ï¸0941404444Â Â  
â˜ï¸0965412222Â Â  
â˜ï¸0462124400Â Â Â 
Â Â Â  Ethio-American CPD center & Health Consultancy.
ğŸƒWe Are Committed To Excellence In Medical Trainings â—
-join our telegram channel 
T.me/eahci"
2301,2024-08-09 04:28:05+00:00,-1001432982009,"#ğŸ’¥á‹¨áˆá‹«_áˆá‰ƒá‹µ_áˆˆáˆ›áˆ³á‹°áˆµ_á‹­áˆ˜á‹áŒˆá‰¡ğŸ’¥          

#Title= MEDICAL ETHICS 
  
ğŸ’¥15CEU
ğŸ‘‰ áŠáˆáˆ´ 13 /2016 á‹­áŒ€áˆ˜áˆ«áˆ á¢
áˆˆáˆáˆ‰áˆ áŒ¤áŠ“ á‰£áˆˆáˆá‹«á‹á‰½ á‰ áˆáˆ‰áˆ áŠ­áˆáˆá‰½áŠ“ áŠ¨á‰°áˆá‰½ áˆ‹áˆ‹á‰½áˆá¢
--------------------------------------------

ğŸ“±0965410000Â Â  
ğŸ“±0942404444Â  
ğŸ“±0941404444Â Â 
ğŸ“±0965412222Â Â  
ğŸ“±0462124400Â Â Â 
Â Â Â  Ethio-American CPD center & Health Consultancy.
ğŸƒWe Are Committed To Excellence In Medical Trainings â—
-join our telegram channel 
T.me/eahci"
2299,2024-08-08 18:20:17+00:00,-1001432982009,
2298,2024-08-08 18:20:16+00:00,-1001432982009,
2297,2024-08-08 18:20:16+00:00,-1001432982009,"==áˆ˜áˆáŠ«áˆ á‹œáŠ“===
á‹¨á‹°á‰¡á‰¥ áŠ¢á‰µá‹®áŒµá‹« áŠ­áˆáˆ áŒ¤áŠ“ á‰¢áˆ® áŒ¤áŠ“áŠ“ áŒ¤áŠ“ áŠáŠ­ áŠ áŒˆáˆáŒáˆá‰¶á‰½áŠ“ áŒá‰¥áŠ á‰¶á‰½ áŒ¥áˆ«á‰µ á‰áŒ¥áŒ¥áˆ­ á‰£áˆˆáˆµáˆáŒ£áŠ• á‹¨áˆ™á‹« áˆá‹áŒˆá‰£áŠ“ áˆá‰ƒá‹µ áŠ áŒˆáˆáŒáˆá‰µáŠ• á‰ ""áŠ¦áŠ• áˆ‹á‹­áŠ•"" áˆ˜áˆµáŒ á‰µ áˆ˜áŒ€áˆ˜áˆ©áŠ• áŒˆáˆˆá€

á‹¨á‹°á‰¡á‰¥ áŠ¢á‰µá‹®áŒµá‹« áŠ­áˆáˆ áŒ¤áŠ“ á‰¢áˆ® áŒ¤áŠ“áŠ“ áŒ¤áŠ“ áŠáŠ­ áŠ áŒˆáˆáŒáˆá‰¶á‰½áŠ“ áŒá‰¥áŠ á‰¶á‰½ áŒ¥áˆ«á‰µ á‰áŒ¥áŒ¥áˆ­ á‰£áˆˆáˆµáˆáŒ£áŠ• áŠ¨áŒá‹´áˆ«áˆ áŒ¤áŠ“ áˆšáŠ’áˆµá‰°áˆ­ áŒ‹áˆ­ á‰ áˆ˜á‰€áŠ“áŒ€á‰µ (HRIS-HRI) áŠ¦áŠ• áˆ‹á‹­áŠ• áˆ‹á‹­áˆ°áŠ•áˆ²áŠ•áŒ á‰µáŒá‰ áˆ« á‹­á‹á‹Š á‹¨áˆ›áˆµáŒ€áˆ˜áˆªá‹« áˆ˜áˆ­á‹“ áŒá‰¥áˆ­ áŠ áŠ«áˆ‚á‹°á‹‹áˆá¡á¡ 

á‹¨á‹°á‰¡á‰¥ áŠ¢á‰µá‹®áŒµá‹« áˆ˜áŠ•áŒáˆµá‰µ áŒ¤áŠ“ á‰¢áˆ® á‰¢áˆ® áˆáŠ­á‰µáˆ á‹¨á‰¢áˆ® áˆƒáˆ‹áŠáŠ“ á‹¨áŒ¤áŠ“áŠ“ áŒ¤áŠ“ áŠáŠ­ áŠ áŒˆáˆáŒáˆá‰¶á‰½ áŒá‰¥áˆƒá‰¶á‰½ áŒ¥áˆ«á‰µ á‰áŒ¥áŒ¥áˆ­ á‰£áˆˆáˆµáˆáŒ£áŠ• á‹‹áŠ“ á‹³á‹­áˆ¬áŠ­á‰°áˆ­ áŠ á‰¶ á‹®áˆ´á áˆ¶áŠ•á‰† áŠ¨á‰€áŠ• 29/11/2016 á‹“.áˆ áŒ€áˆáˆ® á‹¨áˆ™á‹« áˆá‹áŒˆá‰£áŠ“ áˆá‰ƒá‹µ áŠ áŒˆáˆáŒáˆá‰µáŠ• á‰ ""áŠ¦áŠ• áˆ‹á‹­áŠ•"" áˆ˜áˆµáŒ á‰µ áˆ˜áŒ€áˆ˜áˆ©áŠ• áŠ á‰¥áˆµáˆ¨á‹‹áˆá¡á¡
á‰°áŒˆáˆáŒ‹á‹®á‰½ á‰£áˆ‰á‰ á‰µ áˆ†áŠá‹ áŠ áŒˆáˆáŒáˆá‰± áˆˆáˆ›áŒáŠ˜á‰µ á‰ ""áŠ¦áŠ• áˆ‹á‹­áŠ•"" httpsá¡//hrl.moh.gov.et áˆ˜áŒ á‰€áˆ á‹¨áˆšá‰½áˆ‰ áˆ˜áˆ†áŠ“á‰¸á‹áŠ• áŠ áˆµá‰³á‹á‰€á‹‹áˆá¡ 
á‹­áˆ…áˆ áŠ áŒˆáˆáŒáˆá‰± á‰ áŠ¦áŠ• áˆ‹á‹­áŠ• áˆ˜áˆ°áŒ á‰± á‰€á‹°áˆ áˆ²áˆ á‹¨áˆšáˆ°áˆ«á‰ á‰µáŠ• á‹¨áŒ¤áŠ“ á‰£áˆˆáˆ™á‹«á‹á‰½ áˆá‹áŒˆá‰£áŠ“ á‹¨áˆ™á‹« áˆµáˆ« áá‰ƒá‹µ áˆˆáˆ˜á‹áˆ°á‹µ á‹ˆá‹° á‰£áˆˆáˆ¥áˆáŒ£áŠ• áˆ˜áˆ¥áˆªá‹« á‰¤á‰± á‹¨áˆšá‹°áˆ¨áŒ‰ áˆáˆáˆáˆ¶á‰½áŠ• áŠ¨áˆ›áˆµá‰€áˆ¨á‰±áˆ á‰£áˆ»áŒˆáˆ­ áŠ áŒˆáˆáŒáˆá‰µ áˆˆáˆ›áŒáŠ˜á‰µ á‹­á‹ˆáˆµá‹µ á‹¨áŠá‰ áˆ¨á‹áŠ• áŒŠá‹œá£ á‹ˆáŒªáŠ“ áŠ¥áŠ•áŒáˆá‰µ áŠ¥áŠ•á‹°áˆšá‹«áˆµá‰€áˆ­ á‰°áŠ“áŒáˆ¨á‹‹áˆá¢
á‹¨á‹°á‰¡á‰¥ áŠ¢á‰µá‹®áŒµá‹« áŠ­áˆáˆ áŒ¤áŠ“ á‰¢áˆ® áˆáŠ­á‰µáˆ á‹¨á‰¢áˆ® áŠƒáˆ‹áŠáŠ“ áŠ áˆµá‰°á‹³á‹°áˆ­áŠ“ áá‹­áŠ“áˆµ á‹˜áˆ­á áŠƒáˆ‹áŠ  áŠá‰¢á‹© á‰¤á‹› á‰ á‰ áŠ©áˆ‹á‰¸á‹ á‹›áˆ¬ á‹¨á‰°áŒ€áˆ˜áˆ¨á‹ áˆ˜á‹µáˆ¨áŠ­ á‰ áŠ á‹²áˆ± á‹¨áŠ¦áŠ• áˆ‹á‹­áŠ• áˆá‹áŒˆá‰£ áˆ‹á‹­ á‰ á‹¨á‹°áˆ¨áŒƒá‹ á‹¨áˆšáŒˆáŠ™ á‹¨á‹˜áˆ­á‰ áŠƒáˆ‹áŠá‹á‰½áŠ“ á‰£áˆˆáˆ™á‹«á‹á‰½ áŒáŠ•á‹›á‰¤ á‹­á‹˜á‹ á‰°áŒá‰£áˆ©áŠ• áŠ¥áŠ•á‹²á‹«áŠ¨áŠ“á‹áŠ‘ áŠ á‰…áˆ áŠ¥áŠ•á‹°áˆšáˆáŒ¥áˆ­ á‰°áŠ“áŒáˆ¨á‹‹áˆá¢

á‹¨áŠ¦áŠ• áˆ‹á‹­áŠ• áˆá‹áŒˆá‰£ áŠ¥áˆµáŠ«áˆáŠ• á‹¨áˆšáˆµá‰°á‹‹áˆ‰á‰µáŠ• á‹¨áˆ˜áˆ¨áŒƒ áŠ á‹«á‹«á‹áŠ“ áŠ á‹°áˆ¨áŒƒáŒ€á‰µ áŠ­áá‰°á‰¶á‰½ á‰ áˆ›áˆµá‰°áŠ«áŠ¨áˆ áˆáŒ£áŠ•áŠ“ á‰€áˆáŒ£á‹ áŠ áŒˆáˆáŒáˆá‰µ áˆˆá‹°áŠ•á‰ áŠá‰½ áˆˆáˆ˜áˆµáŒ á‰µ áŠ¥áŠ•á‹°áˆšá‹«áˆµá‰½áˆ áŠ áˆ˜áˆ‹áŠ­á‰°á‹‹áˆá¡á¡

á‹¨á‹°á‰¡á‰¥ áŠ¢á‰µá‹®áŒµá‹« áŠ­áˆáˆ áŒ¤áŠ“ á‰¢áˆ®"
2296,2024-08-08 18:08:54+00:00,-1001432982009,Share FXD012024-FOREIGN-EXCHANGE-1-1.pdf
2292,2024-08-07 15:49:28+00:00,-1001432982009,
2291,2024-08-07 08:01:50+00:00,-1001432982009,"Â  #ğŸ’¥á‹¨áˆá‹«_áˆá‰ƒá‹µ_áˆˆáˆ›áˆ³á‹°áˆµ_CPD_á‹­áˆ˜á‹áŒˆá‰¡
#Title= NON communicable Disease Management ğŸ”¶15CEU
ğŸ‘‰ áŠáˆáˆ´ 3/2016 á‹­áŒ€áˆ˜áˆ«áˆ á¢
áˆˆáˆáˆ‰áˆ áŒ¤áŠ“ á‰£áˆˆáˆá‹«á‹á‰½ á‰ áˆáˆ‰áˆ áŠ­áˆáˆá‰½áŠ“ áŠ¨á‰°áˆá‰½ áˆ‹áˆ‹á‰½áˆá¢
--------------------------------------------
ğŸ“±0942404444Â  Tinbit
ğŸ“±0965410000Â Â  Ekram
ğŸ“±0941404444Â Â  daye
ğŸ“±0965412222Â Â  office 
ğŸ“³0462124400Â Â Â  office
Â Â Â  Ethio-American CPD center & Health Consultancy.
ğŸƒWe Are Committed To Excellence In Medical Trainings â—
-join our telegram channel 
T.me/eahci"
2290,2024-08-06 09:55:26+00:00,-1001432982009,Tulip Academy -Hawassa ğŸŒ·
2289,2024-08-06 08:42:14+00:00,-1001432982009,"Â  #ğŸ’¥á‹¨áˆá‹«_áˆá‰ƒá‹µ_áˆˆáˆ›áˆ³á‹°áˆµ_CPD_á‹­áˆ˜á‹áŒˆá‰¡
#Title= NON communicable Disease Management ğŸ”¶15CEU
ğŸ‘‰ áŠáˆáˆ´ 3/2016 á‹­áŒ€áˆ˜áˆ«áˆ á¢
áˆˆáˆáˆ‰áˆ áŒ¤áŠ“ á‰£áˆˆáˆá‹«á‹á‰½ á‰ áˆáˆ‰áˆ áŠ­áˆáˆá‰½áŠ“ áŠ¨á‰°áˆá‰½ áˆ‹áˆ‹á‰½áˆá¢
--------------------------------------------
ğŸ“±0942404444Â  Tinbit
ğŸ“±0965410000Â Â  Ekram
ğŸ“±0941404444Â Â  daye
ğŸ“±0965412222Â Â  office 
ğŸ“³0462124400Â Â Â  office
Â Â Â  Ethio-American CPD center & Health Consultancy.
ğŸƒWe Are Committed To Excellence In Medical Trainings â—
-join our telegram channel 
T.me/eahci"
2288,2024-08-03 16:58:11+00:00,-1001432982009,"#Addis abeba, Hawassa  and  Adama_Basic_OB_Ultrasound_Training
ğŸ‘‰áŠáˆáˆ´ 5 /2016 áŒ€áˆáˆ® áˆˆ 1 áˆ³áˆáŠ•á‰µ á‹­áˆ°áŒ£áˆ á¢(áŠ¨áŠ­áˆ…áˆá‰± á‰£áˆ»áŒˆáˆ­ á‹¨15CEU CPD CertificateÂ  áŠ¥áŠ•áˆ°áŒ£áˆˆáŠ•á¢)
---------------------------------------------
â©áˆ°áˆáŒ£áŠá‰½-Medical Doctors , Medical Rad.Technologists , HO, Bsc ,& Msc Midwifery.
â©áŠ áˆ°áˆáŒ£áŠá‰½-Rad & OBGYN specialists .
ğŸš©á‹¨áˆµáˆáŒ áŠ“ á‰¦á‰³-1. #á‰ áŒ‹áŠ•á‹²_áˆ†áˆµá’á‰³áˆáŠ“_á‰ á‰°áˆ˜áˆ¨áŒ¡ áˆ†áˆµá’á‰³áˆá‰½
âœ”áŠ á‹˜áŒ‹áŒ…-Ethio-American CPD center in collaboration with selected hospitals .
Call & Register 
Â Â 
Â  Â ğŸ“³ EkramÂ Â Â Â Â  0965410000
Â  Â ğŸ“³ TinbitÂ Â Â Â  Â  0942404444
Â Â  ğŸ“³Â DayeÂ Â Â Â Â Â Â   0941404444
Â Â Â ğŸ“³ OfficeÂ Â Â Â Â Â Â Â 0965412222 
Â Â  ğŸ“³ OfficeÂ Â Â Â Â Â Â  0941038774
Â Â  ğŸ“³ OfficeÂ Â Â Â Â Â Â  0462124400
ğŸƒFor more info .follow us on telegram :-
t.me/eahci"
2286,2024-08-03 11:05:19+00:00,-1001432982009,"#áˆ°áŠ á‹­áŒ€áˆáˆ«áˆ
ğŸ’¥á‹¨áˆá‹«_áˆá‰ƒá‹µ_áˆˆáˆ›áˆ³á‹°áˆµ_á‹­áˆ˜á‹áŒˆá‰¡_#

áˆáˆáˆŒ 29/2016 á‹­áŒ€áˆáˆ«áˆ

 #Online_CPD
#For_All_health_professionals
(Ethio-American-CPD) 

ğŸ’¥Title_PAIN  MANAGEMENT ğŸ’¥

â©â©â©â©â©â©â©â©â©â©â©â©â©â©

Â Â  ğŸ“³0965410000Â  
Â Â  ğŸ“³ 0942404444
Â Â Â ğŸ“³Â 0941404444
Â Â  ğŸ“³Â 0965412222
Â Â Â ğŸ“³Â 0462124400Â  
http://T.me/eahci"
