message_id,date,sender_id,message,media_path
12385,2024-10-10 04:07:51+00:00,-1001666492664,"SARDINE 
Price 800 birr each 
Telegram https://t.me/lobelia4cosmetics
MsgğŸ‘‰ Lobelia pharmacy and cosmetics 
â˜ï¸ call 0911562031/0911587703
Adress:- Infront of Bole Medhanialem high school 
Open Monday - Monday from 8am until midnight áŠ¨áˆ°áŠ - áŠ¥áˆµáŠ¨ áˆ°áŠÂ  áŠ¨áŒ§á‰± 2:00 áˆµá‹“á‰µ - áŠ¥áˆµáŠ¨ áˆáˆ½á‰± 6:00 áˆ°á‹“á‰µ
ğŸğŸğŸ á‹¨á‰µáˆ«áŠ•áˆµá–áˆ­á‰µ áŠ áˆ›áˆ«áŒ­ áŠ¨70 - 200 á‰¥áˆ­
For delivery option fees are from 70 birr - 200 birr",raw/media/12385.jpg
12384,2024-10-10 04:07:51+00:00,-1001666492664,"UNSALTED MIXED NUTS 
Price 3600 birr 
Telegram https://t.me/lobelia4cosmetics
MsgğŸ‘‰ Lobelia pharmacy and cosmetics 
â˜ï¸ call 0911562031/0911587703
Adress:- Infront of Bole Medhanialem high school 
Open Monday - Monday from 8am until midnight áŠ¨áˆ°áŠ - áŠ¥áˆµáŠ¨ áˆ°áŠÂ  áŠ¨áŒ§á‰± 2:00 áˆµá‹“á‰µ - áŠ¥áˆµáŠ¨ áˆáˆ½á‰± 6:00 áˆ°á‹“á‰µ
ğŸğŸğŸ á‹¨á‰µáˆ«áŠ•áˆµá–áˆ­á‰µ áŠ áˆ›áˆ«áŒ­ áŠ¨70 - 200 á‰¥áˆ­
For delivery option fees are from 70 birr - 200 birr",raw/media/12384.jpg
12383,2024-10-10 04:07:51+00:00,-1001666492664,"SALTED MIXED NUTS 
Price 3600 birr 
Telegram https://t.me/lobelia4cosmetics
MsgğŸ‘‰ Lobelia pharmacy and cosmetics 
â˜ï¸ call 0911562031/0911587703
Adress:- Infront of Bole Medhanialem high school 
Open Monday - Monday from 8am until midnight áŠ¨áˆ°áŠ - áŠ¥áˆµáŠ¨ áˆ°áŠÂ  áŠ¨áŒ§á‰± 2:00 áˆµá‹“á‰µ - áŠ¥áˆµáŠ¨ áˆáˆ½á‰± 6:00 áˆ°á‹“á‰µ
ğŸğŸğŸ á‹¨á‰µáˆ«áŠ•áˆµá–áˆ­á‰µ áŠ áˆ›áˆ«áŒ­ áŠ¨70 - 200 á‰¥áˆ­
For delivery option fees are from 70 birr - 200 birr",raw/media/12383.jpg
12382,2024-10-10 04:07:51+00:00,-1001666492664,"UNSALTED CASHEWS
Price 3600 birr 
Telegram https://t.me/lobelia4cosmetics
MsgğŸ‘‰ Lobelia pharmacy and cosmetics 
â˜ï¸ call 0911562031/0911587703
Adress:- Infront of Bole Medhanialem high school 
Open Monday - Monday from 8am until midnight áŠ¨áˆ°áŠ - áŠ¥áˆµáŠ¨ áˆ°áŠÂ  áŠ¨áŒ§á‰± 2:00 áˆµá‹“á‰µ - áŠ¥áˆµáŠ¨ áˆáˆ½á‰± 6:00 áˆ°á‹“á‰µ
ğŸğŸğŸ á‹¨á‰µáˆ«áŠ•áˆµá–áˆ­á‰µ áŠ áˆ›áˆ«áŒ­ áŠ¨70 - 200 á‰¥áˆ­
For delivery option fees are from 70 birr - 200 birr",raw/media/12382.jpg
12381,2024-10-10 04:07:50+00:00,-1001666492664,"QUAKER OATS 
Price 5000 birr 
Telegram https://t.me/lobelia4cosmetics
MsgğŸ‘‰ Lobelia pharmacy and cosmetics 
â˜ï¸ call 0911562031/0911587703
Adress:- Infront of Bole Medhanialem high school 
Open Monday - Monday from 8am until midnight áŠ¨áˆ°áŠ - áŠ¥áˆµáŠ¨ áˆ°áŠÂ  áŠ¨áŒ§á‰± 2:00 áˆµá‹“á‰µ - áŠ¥áˆµáŠ¨ áˆáˆ½á‰± 6:00 áˆ°á‹“á‰µ
ğŸğŸğŸ á‹¨á‰µáˆ«áŠ•áˆµá–áˆ­á‰µ áŠ áˆ›áˆ«áŒ­ áŠ¨70 - 200 á‰¥áˆ­
For delivery option fees are from 70 birr - 200 birr",raw/media/12381.jpg
12380,2024-10-10 04:07:50+00:00,-1001666492664,"NIDO USA 2.2KG
Price 5900 birr 
Telegram https://t.me/lobelia4cosmetics
MsgğŸ‘‰ Lobelia pharmacy and cosmetics 
â˜ï¸ call 0911562031/0911587703
Adress:- Infront of Bole Medhanialem high school 
Open Monday - Monday from 8am until midnight áŠ¨áˆ°áŠ - áŠ¥áˆµáŠ¨ áˆ°áŠÂ  áŠ¨áŒ§á‰± 2:00 áˆµá‹“á‰µ - áŠ¥áˆµáŠ¨ áˆáˆ½á‰± 6:00 áˆ°á‹“á‰µ
ğŸğŸğŸ á‹¨á‰µáˆ«áŠ•áˆµá–áˆ­á‰µ áŠ áˆ›áˆ«áŒ­ áŠ¨70 - 200 á‰¥áˆ­
For delivery option fees are from 70 birr - 200 birr",raw/media/12380.jpg
12379,2024-10-10 04:07:50+00:00,-1001666492664,"Cheerios 
Price 2800
Telegram https://t.me/lobelia4cosmetics
MsgğŸ‘‰ Lobelia pharmacy and cosmetics 
â˜ï¸ call 0911562031/0911587703
Adress:- Infront of Bole Medhanialem high school 
Open Monday - Monday from 8am until midnight áŠ¨áˆ°áŠ - áŠ¥áˆµáŠ¨ áˆ°áŠÂ  áŠ¨áŒ§á‰± 2:00 áˆµá‹“á‰µ - áŠ¥áˆµáŠ¨ áˆáˆ½á‰± 6:00 áˆ°á‹“á‰µ
ğŸğŸğŸ á‹¨á‰µáˆ«áŠ•áˆµá–áˆ­á‰µ áŠ áˆ›áˆ«áŒ­ áŠ¨70 - 200 á‰¥áˆ­
For delivery option fees are from 70 birr - 200 birr",raw/media/12379.jpg
12378,2024-10-10 04:07:50+00:00,-1001666492664,"NIDO USA 2.2KG
Price 5900 birr 
Telegram https://t.me/lobelia4cosmetics
MsgğŸ‘‰ Lobelia pharmacy and cosmetics 
â˜ï¸ call 0911562031/0911587703
Adress:- Infront of Bole Medhanialem high school 
Open Monday - Monday from 8am until midnight áŠ¨áˆ°áŠ - áŠ¥áˆµáŠ¨ áˆ°áŠÂ  áŠ¨áŒ§á‰± 2:00 áˆµá‹“á‰µ - áŠ¥áˆµáŠ¨ áˆáˆ½á‰± 6:00 áˆ°á‹“á‰µ
ğŸğŸğŸ á‹¨á‰µáˆ«áŠ•áˆµá–áˆ­á‰µ áŠ áˆ›áˆ«áŒ­ áŠ¨70 - 200 á‰¥áˆ­
For delivery option fees are from 70 birr - 200 birr",raw/media/12378.jpg
12377,2024-10-10 04:07:50+00:00,-1001666492664,"HONEY BUNCHES 
Price 2800
Telegram https://t.me/lobelia4cosmetics
MsgğŸ‘‰ Lobelia pharmacy and cosmetics 
â˜ï¸ call 0911562031/0911587703
Adress:- Infront of Bole Medhanialem high school 
Open Monday - Monday from 8am until midnight áŠ¨áˆ°áŠ - áŠ¥áˆµáŠ¨ áˆ°áŠÂ  áŠ¨áŒ§á‰± 2:00 áˆµá‹“á‰µ - áŠ¥áˆµáŠ¨ áˆáˆ½á‰± 6:00 áˆ°á‹“á‰µ
ğŸğŸğŸ á‹¨á‰µáˆ«áŠ•áˆµá–áˆ­á‰µ áŠ áˆ›áˆ«áŒ­ áŠ¨70 - 200 á‰¥áˆ­
For delivery option fees are from 70 birr - 200 birr",raw/media/12377.jpg
12376,2024-10-10 04:07:50+00:00,-1001666492664,"Baby D Drops 
Price 3500 birr 
Telegram https://t.me/lobelia4cosmetics
MsgğŸ‘‰ Lobelia pharmacy and cosmetics 
â˜ï¸ call 0911562031/0911587703
Adress:- Infront of Bole Medhanialem high school 
Open Monday - Monday from 8am until midnight áŠ¨áˆ°áŠ - áŠ¥áˆµáŠ¨ áˆ°áŠÂ  áŠ¨áŒ§á‰± 2:00 áˆµá‹“á‰µ - áŠ¥áˆµáŠ¨ áˆáˆ½á‰± 6:00 áˆ°á‹“á‰µ
ğŸğŸğŸ á‹¨á‰µáˆ«áŠ•áˆµá–áˆ­á‰µ áŠ áˆ›áˆ«áŒ­ áŠ¨70 - 200 á‰¥áˆ­
For delivery option fees are from 70 birr - 200 birr",raw/media/12376.jpg
12375,2024-10-10 04:07:50+00:00,-1001666492664,"Mini Drops BED TIME 
Price 2800 birr 
Telegram https://t.me/lobelia4cosmetics
MsgğŸ‘‰ Lobelia pharmacy and cosmetics 
â˜ï¸ call 0911562031/0911587703
Adress:- Infront of Bole Medhanialem high school 
Open Monday - Monday from 8am until midnight áŠ¨áˆ°áŠ - áŠ¥áˆµáŠ¨ áˆ°áŠÂ  áŠ¨áŒ§á‰± 2:00 áˆµá‹“á‰µ - áŠ¥áˆµáŠ¨ áˆáˆ½á‰± 6:00 áˆ°á‹“á‰µ
ğŸğŸğŸ á‹¨á‰µáˆ«áŠ•áˆµá–áˆ­á‰µ áŠ áˆ›áˆ«áŒ­ áŠ¨70 - 200 á‰¥áˆ­
For delivery option fees are from 70 birr - 200 birr",raw/media/12375.jpg
12374,2024-10-10 04:07:50+00:00,-1001666492664,"Mini Drops IMMUNE PLUS 
Price 2800 birr 
Telegram https://t.me/lobelia4cosmetics
MsgğŸ‘‰ Lobelia pharmacy and cosmetics 
â˜ï¸ call 0911562031/0911587703
Adress:- Infront of Bole Medhanialem high school 
Open Monday - Monday from 8am until midnight áŠ¨áˆ°áŠ - áŠ¥áˆµáŠ¨ áˆ°áŠÂ  áŠ¨áŒ§á‰± 2:00 áˆµá‹“á‰µ - áŠ¥áˆµáŠ¨ áˆáˆ½á‰± 6:00 áˆ°á‹“á‰µ
ğŸğŸğŸ á‹¨á‰µáˆ«áŠ•áˆµá–áˆ­á‰µ áŠ áˆ›áˆ«áŒ­ áŠ¨70 - 200 á‰¥áˆ­
For delivery option fees are from 70 birr - 200 birr",raw/media/12374.jpg
12373,2024-10-10 04:07:50+00:00,-1001666492664,"IRON DROP 
Price 3500 birr 
Telegram https://t.me/lobelia4cosmetics
MsgğŸ‘‰ Lobelia pharmacy and cosmetics 
â˜ï¸ call 0911562031/0911587703
Adress:- Infront of Bole Medhanialem high school 
Open Monday - Monday from 8am until midnight áŠ¨áˆ°áŠ - áŠ¥áˆµáŠ¨ áˆ°áŠÂ  áŠ¨áŒ§á‰± 2:00 áˆµá‹“á‰µ - áŠ¥áˆµáŠ¨ áˆáˆ½á‰± 6:00 áˆ°á‹“á‰µ
ğŸğŸğŸ á‹¨á‰µáˆ«áŠ•áˆµá–áˆ­á‰µ áŠ áˆ›áˆ«áŒ­ áŠ¨70 - 200 á‰¥áˆ­
For delivery option fees are from 70 birr - 200 birr",raw/media/12373.jpg
12372,2024-10-10 04:07:50+00:00,-1001666492664,"WELL BABAY VITAMIN D DROP 400 IU
Price 3000 birr 
Telegram https://t.me/lobelia4cosmetics
MsgğŸ‘‰ Lobelia pharmacy and cosmetics 
â˜ï¸ call 0911562031/0911587703
Adress:- Infront of Bole Medhanialem high school 
Open Monday - Monday from 8am until midnight áŠ¨áˆ°áŠ - áŠ¥áˆµáŠ¨ áˆ°áŠÂ  áŠ¨áŒ§á‰± 2:00 áˆµá‹“á‰µ - áŠ¥áˆµáŠ¨ áˆáˆ½á‰± 6:00 áˆ°á‹“á‰µ
ğŸğŸğŸ á‹¨á‰µáˆ«áŠ•áˆµá–áˆ­á‰µ áŠ áˆ›áˆ«áŒ­ áŠ¨70 - 200 á‰¥áˆ­
For delivery option fees are from 70 birr - 200 birr",raw/media/12372.jpg
12371,2024-10-10 04:07:50+00:00,-1001666492664,"PEDIASURE 3+
Price 5000 birr 
Telegram https://t.me/lobelia4cosmetics
MsgğŸ‘‰ Lobelia pharmacy and cosmetics 
â˜ï¸ call 0911562031/0911587703
Adress:- Infront of Bole Medhanialem high school 
Open Monday - Monday from 8am until midnight áŠ¨áˆ°áŠ - áŠ¥áˆµáŠ¨ áˆ°áŠÂ  áŠ¨áŒ§á‰± 2:00 áˆµá‹“á‰µ - áŠ¥áˆµáŠ¨ áˆáˆ½á‰± 6:00 áˆ°á‹“á‰µ
ğŸğŸğŸ á‹¨á‰µáˆ«áŠ•áˆµá–áˆ­á‰µ áŠ áˆ›áˆ«áŒ­ áŠ¨70 - 200 á‰¥áˆ­
For delivery option fees are from 70 birr - 200 birr",raw/media/12371.jpg
12370,2024-10-10 04:07:50+00:00,-1001666492664,"FISH OIL 150 softgels 
Price 4000 birr 
Telegram https://t.me/lobelia4cosmetics
MsgğŸ‘‰ Lobelia pharmacy and cosmetics 
â˜ï¸ call 0911562031/0911587703
Adress:- Infront of Bole Medhanialem high school 
Open Monday - Monday from 8am until midnight áŠ¨áˆ°áŠ - áŠ¥áˆµáŠ¨ áˆ°áŠÂ  áŠ¨áŒ§á‰± 2:00 áˆµá‹“á‰µ - áŠ¥áˆµáŠ¨ áˆáˆ½á‰± 6:00 áˆ°á‹“á‰µ
ğŸğŸğŸ á‹¨á‰µáˆ«áŠ•áˆµá–áˆ­á‰µ áŠ áˆ›áˆ«áŒ­ áŠ¨70 - 200 á‰¥áˆ­
For delivery option fees are from 70 birr - 200 birr",raw/media/12370.jpg
12369,2024-10-10 04:07:50+00:00,-1001666492664,"CENTRUM MEN 50+
Price 5700 birr 
Telegram https://t.me/lobelia4cosmetics
MsgğŸ‘‰ Lobelia pharmacy and cosmetics 
â˜ï¸ call 0911562031/0911587703
Adress:- Infront of Bole Medhanialem high school 
Open Monday - Monday from 8am until midnight áŠ¨áˆ°áŠ - áŠ¥áˆµáŠ¨ áˆ°áŠÂ  áŠ¨áŒ§á‰± 2:00 áˆµá‹“á‰µ - áŠ¥áˆµáŠ¨ áˆáˆ½á‰± 6:00 áˆ°á‹“á‰µ
ğŸğŸğŸ á‹¨á‰µáˆ«áŠ•áˆµá–áˆ­á‰µ áŠ áˆ›áˆ«áŒ­ áŠ¨70 - 200 á‰¥áˆ­
For delivery option fees are from 70 birr - 200 birr",raw/media/12369.jpg
12368,2024-10-09 16:34:50+00:00,-1001666492664,"PRENATAL 150 SOFTGELS 
Price 5500 birr 
Telegram https://t.me/lobelia4cosmetics
MsgğŸ‘‰ Lobelia pharmacy and cosmetics 
â˜ï¸ call 0911562031/0911587703
Adress:- Infront of Bole Medhanialem high school 
Open Monday - Monday from 8am until midnight áŠ¨áˆ°áŠ - áŠ¥áˆµáŠ¨ áˆ°áŠÂ  áŠ¨áŒ§á‰± 2:00 áˆµá‹“á‰µ - áŠ¥áˆµáŠ¨ áˆáˆ½á‰± 6:00 áˆ°á‹“á‰µ
ğŸğŸğŸ á‹¨á‰µáˆ«áŠ•áˆµá–áˆ­á‰µ áŠ áˆ›áˆ«áŒ­ áŠ¨70 - 200 á‰¥áˆ­
For delivery option fees are from 70 birr - 200 birr",raw/media/12368.jpg
12367,2024-10-09 15:22:01+00:00,-1001666492664,"NIDO 1.8KG 
Price 4500 birr 
Telegram https://t.me/lobelia4cosmetics
MsgğŸ‘‰ Lobelia pharmacy and cosmetics 
â˜ï¸ call 0911562031/0911587703
Adress:- Infront of Bole Medhanialem high school 
Open Monday - Monday from 8am until midnight áŠ¨áˆ°áŠ - áŠ¥áˆµáŠ¨ áˆ°áŠÂ  áŠ¨áŒ§á‰± 2:00 áˆµá‹“á‰µ - áŠ¥áˆµáŠ¨ áˆáˆ½á‰± 6:00 áˆ°á‹“á‰µ
ğŸğŸğŸ á‹¨á‰µáˆ«áŠ•áˆµá–áˆ­á‰µ áŠ áˆ›áˆ«áŒ­ áŠ¨70 - 200 á‰¥áˆ­
For delivery option fees are from 70 birr - 200 birr",raw/media/12367.jpg
12366,2024-10-09 12:44:53+00:00,-1001666492664,"SULFUR8 205g
Price 3000 birr 
Telegram https://t.me/lobelia4cosmetics
MsgğŸ‘‰ Lobelia pharmacy and cosmetics 
â˜ï¸ call 0911562031/0911587703
Adress:- Infront of Bole Medhanialem high school 
Open Monday - Monday from 8am until midnight áŠ¨áˆ°áŠ - áŠ¥áˆµáŠ¨ áˆ°áŠÂ  áŠ¨áŒ§á‰± 2:00 áˆµá‹“á‰µ - áŠ¥áˆµáŠ¨ áˆáˆ½á‰± 6:00 áˆ°á‹“á‰µ
ğŸğŸğŸ á‹¨á‰µáˆ«áŠ•áˆµá–áˆ­á‰µ áŠ áˆ›áˆ«áŒ­ áŠ¨70 - 200 á‰¥áˆ­
For delivery option fees are from 70 birr - 200 birr",raw/media/12366.jpg
12365,2024-10-09 12:44:53+00:00,-1001666492664,"CHIA SEEDS 
Price 3000 birr 
Telegram https://t.me/lobelia4cosmetics
MsgğŸ‘‰ Lobelia pharmacy and cosmetics 
â˜ï¸ call 0911562031/0911587703
Adress:- Infront of Bole Medhanialem high school 
Open Monday - Monday from 8am until midnight áŠ¨áˆ°áŠ - áŠ¥áˆµáŠ¨ áˆ°áŠÂ  áŠ¨áŒ§á‰± 2:00 áˆµá‹“á‰µ - áŠ¥áˆµáŠ¨ áˆáˆ½á‰± 6:00 áˆ°á‹“á‰µ
ğŸğŸğŸ á‹¨á‰µáˆ«áŠ•áˆµá–áˆ­á‰µ áŠ áˆ›áˆ«áŒ­ áŠ¨70 - 200 á‰¥áˆ­
For delivery option fees are from 70 birr - 200 birr",raw/media/12365.jpg
12364,2024-10-09 12:44:53+00:00,-1001666492664,"GLUCOSAMINE 1000MG/100MG 90 CAPSULES 
Price 5000 birr 
Telegram https://t.me/lobelia4cosmetics
MsgğŸ‘‰ Lobelia pharmacy and cosmetics 
â˜ï¸ call 0911562031/0911587703
Adress:- Infront of Bole Medhanialem high school 
Open Monday - Monday from 8am until midnight áŠ¨áˆ°áŠ - áŠ¥áˆµáŠ¨ áˆ°áŠÂ  áŠ¨áŒ§á‰± 2:00 áˆµá‹“á‰µ - áŠ¥áˆµáŠ¨ áˆáˆ½á‰± 6:00 áˆ°á‹“á‰µ
ğŸğŸğŸ á‹¨á‰µáˆ«áŠ•áˆµá–áˆ­á‰µ áŠ áˆ›áˆ«áŒ­ áŠ¨70 - 200 á‰¥áˆ­
For delivery option fees are from 70 birr - 200 birr",raw/media/12364.jpg
12363,2024-10-09 12:44:53+00:00,-1001666492664,"SUDO CREAM 
Price 4000 birr 
Telegram https://t.me/lobelia4cosmetics
MsgğŸ‘‰ Lobelia pharmacy and cosmetics 
â˜ï¸ call 0911562031/0911587703
Adress:- Infront of Bole Medhanialem high school 
Open Monday - Monday from 8am until midnight áŠ¨áˆ°áŠ - áŠ¥áˆµáŠ¨ áˆ°áŠÂ  áŠ¨áŒ§á‰± 2:00 áˆµá‹“á‰µ - áŠ¥áˆµáŠ¨ áˆáˆ½á‰± 6:00 áˆ°á‹“á‰µ
ğŸğŸğŸ á‹¨á‰µáˆ«áŠ•áˆµá–áˆ­á‰µ áŠ áˆ›áˆ«áŒ­ áŠ¨70 - 200 á‰¥áˆ­
For delivery option fees are from 70 birr - 200 birr",raw/media/12363.jpg
12362,2024-10-09 12:44:53+00:00,-1001666492664,"Coconut oil 
Price 4500 birr 
Telegram https://t.me/lobelia4cosmetics
MsgğŸ‘‰ Lobelia pharmacy and cosmetics 
â˜ï¸ call 0911562031/0911587703
Adress:- Infront of Bole Medhanialem high school 
Open Monday - Monday from 8am until midnight áŠ¨áˆ°áŠ - áŠ¥áˆµáŠ¨ áˆ°áŠÂ  áŠ¨áŒ§á‰± 2:00 áˆµá‹“á‰µ - áŠ¥áˆµáŠ¨ áˆáˆ½á‰± 6:00 áˆ°á‹“á‰µ
ğŸğŸğŸ á‹¨á‰µáˆ«áŠ•áˆµá–áˆ­á‰µ áŠ áˆ›áˆ«áŒ­ áŠ¨70 - 200 á‰¥áˆ­
For delivery option fees are from 70 birr - 200 birr",raw/media/12362.jpg
12361,2024-10-09 12:44:53+00:00,-1001666492664,"APPLE CIDER VENEGAR 
Price 2800 birr 
Telegram https://t.me/lobelia4cosmetics
MsgğŸ‘‰ Lobelia pharmacy and cosmetics 
â˜ï¸ call 0911562031/0911587703
Adress:- Infront of Bole Medhanialem high school 
Open Monday - Monday from 8am until midnight áŠ¨áˆ°áŠ - áŠ¥áˆµáŠ¨ áˆ°áŠÂ  áŠ¨áŒ§á‰± 2:00 áˆµá‹“á‰µ - áŠ¥áˆµáŠ¨ áˆáˆ½á‰± 6:00 áˆ°á‹“á‰µ
ğŸğŸğŸ á‹¨á‰µáˆ«áŠ•áˆµá–áˆ­á‰µ áŠ áˆ›áˆ«áŒ­ áŠ¨70 - 200 á‰¥áˆ­
For delivery option fees are from 70 birr - 200 birr",raw/media/12361.jpg
12360,2024-10-09 12:44:53+00:00,-1001666492664,"TUMS 100 CHEWABLE TABLETS 
Price 1800 birr 
Telegram https://t.me/lobelia4cosmetics
MsgğŸ‘‰ Lobelia pharmacy and cosmetics 
â˜ï¸ call 0911562031/0911587703
Adress:- Infront of Bole Medhanialem high school 
Open Monday - Monday from 8am until midnight áŠ¨áˆ°áŠ - áŠ¥áˆµáŠ¨ áˆ°áŠÂ  áŠ¨áŒ§á‰± 2:00 áˆµá‹“á‰µ - áŠ¥áˆµáŠ¨ áˆáˆ½á‰± 6:00 áˆ°á‹“á‰µ
ğŸğŸğŸ á‹¨á‰µáˆ«áŠ•áˆµá–áˆ­á‰µ áŠ áˆ›áˆ«áŒ­ áŠ¨70 - 200 á‰¥áˆ­
For delivery option fees are from 70 birr - 200 birr",raw/media/12360.jpg
12359,2024-10-09 12:44:53+00:00,-1001666492664,"GREEN TEA
Price 3500 birr 
Telegram https://t.me/lobelia4cosmetics
MsgğŸ‘‰ Lobelia pharmacy and cosmetics 
â˜ï¸ call 0911562031/0911587703
Adress:- Infront of Bole Medhanialem high school 
Open Monday - Monday from 8am until midnight áŠ¨áˆ°áŠ - áŠ¥áˆµáŠ¨ áˆ°áŠÂ  áŠ¨áŒ§á‰± 2:00 áˆµá‹“á‰µ - áŠ¥áˆµáŠ¨ áˆáˆ½á‰± 6:00 áˆ°á‹“á‰µ
ğŸğŸğŸ á‹¨á‰µáˆ«áŠ•áˆµá–áˆ­á‰µ áŠ áˆ›áˆ«áŒ­ áŠ¨70 - 200 á‰¥áˆ­
For delivery option fees are from 70 birr - 200 birr",raw/media/12359.jpg
12358,2024-10-09 11:56:37+00:00,-1001666492664,"ENSURE 850GM
Price 3800 birr 
Telegram https://t.me/lobelia4cosmetics
MsgğŸ‘‰ Lobelia pharmacy and cosmetics 
â˜ï¸ call 0911562031/0911587703
Adress:- Infront of Bole Medhanialem high school 
Open Monday - Monday from 8am until midnight áŠ¨áˆ°áŠ - áŠ¥áˆµáŠ¨ áˆ°áŠÂ  áŠ¨áŒ§á‰± 2:00 áˆµá‹“á‰µ - áŠ¥áˆµáŠ¨ áˆáˆ½á‰± 6:00 áˆ°á‹“á‰µ
ğŸğŸğŸ á‹¨á‰µáˆ«áŠ•áˆµá–áˆ­á‰µ áŠ áˆ›áˆ«áŒ­ áŠ¨70 - 200 á‰¥áˆ­
For delivery option fees are from 70 birr - 200 birr",raw/media/12358.jpg
12357,2024-10-09 11:56:37+00:00,-1001666492664,"SIMILAC ADVANCE 
Price 3700 birr 
Telegram https://t.me/lobelia4cosmetics
MsgğŸ‘‰ Lobelia pharmacy and cosmetics 
â˜ï¸ call 0911562031/0911587703
Adress:- Infront of Bole Medhanialem high school 
Open Monday - Monday from 8am until midnight áŠ¨áˆ°áŠ - áŠ¥áˆµáŠ¨ áˆ°áŠÂ  áŠ¨áŒ§á‰± 2:00 áˆµá‹“á‰µ - áŠ¥áˆµáŠ¨ áˆáˆ½á‰± 6:00 áˆ°á‹“á‰µ
ğŸğŸğŸ á‹¨á‰µáˆ«áŠ•áˆµá–áˆ­á‰µ áŠ áˆ›áˆ«áŒ­ áŠ¨70 - 200 á‰¥áˆ­
For delivery option fees are from 70 birr - 200 birr",raw/media/12357.jpg
12356,2024-10-09 11:56:37+00:00,-1001666492664,"GLUCERNA 
Price 3300 birr 
Telegram https://t.me/lobelia4cosmetics
MsgğŸ‘‰ Lobelia pharmacy and cosmetics 
â˜ï¸ call 0911562031/0911587703
Adress:- Infront of Bole Medhanialem high school 
Open Monday - Monday from 8am until midnight áŠ¨áˆ°áŠ - áŠ¥áˆµáŠ¨ áˆ°áŠÂ  áŠ¨áŒ§á‰± 2:00 áˆµá‹“á‰µ - áŠ¥áˆµáŠ¨ áˆáˆ½á‰± 6:00 áˆ°á‹“á‰µ
ğŸğŸğŸ á‹¨á‰µáˆ«áŠ•áˆµá–áˆ­á‰µ áŠ áˆ›áˆ«áŒ­ áŠ¨70 - 200 á‰¥áˆ­
For delivery option fees are from 70 birr - 200 birr",raw/media/12356.jpg
12355,2024-10-09 11:56:37+00:00,-1001666492664,"ENFAMIL A PLUS 765GM 
Price 5500 birr 
Telegram https://t.me/lobelia4cosmetics
MsgğŸ‘‰ Lobelia pharmacy and cosmetics 
â˜ï¸ call 0911562031/0911587703
Adress:- Infront of Bole Medhanialem high school 
Open Monday - Monday from 8am until midnight áŠ¨áˆ°áŠ - áŠ¥áˆµáŠ¨ áˆ°áŠÂ  áŠ¨áŒ§á‰± 2:00 áˆµá‹“á‰µ - áŠ¥áˆµáŠ¨ áˆáˆ½á‰± 6:00 áˆ°á‹“á‰µ
ğŸğŸğŸ á‹¨á‰µáˆ«áŠ•áˆµá–áˆ­á‰µ áŠ áˆ›áˆ«áŒ­ áŠ¨70 - 200 á‰¥áˆ­
For delivery option fees are from 70 birr - 200 birr",raw/media/12355.jpg
12354,2024-10-09 03:42:49+00:00,-1001666492664,"PRENATAL 90 Gummies 
Price 5000 birr 
Telegram https://t.me/lobelia4cosmetics
MsgğŸ‘‰ Lobelia pharmacy and cosmetics 
â˜ï¸ call 0911562031/0911587703
Adress:- Infront of Bole Medhanialem high school 
Open Monday - Monday from 8am until midnight áŠ¨áˆ°áŠ - áŠ¥áˆµáŠ¨ áˆ°áŠÂ  áŠ¨áŒ§á‰± 2:00 áˆµá‹“á‰µ - áŠ¥áˆµáŠ¨ áˆáˆ½á‰± 6:00 áˆ°á‹“á‰µ
ğŸğŸğŸ á‹¨á‰µáˆ«áŠ•áˆµá–áˆ­á‰µ áŠ áˆ›áˆ«áŒ­ áŠ¨70 - 200 á‰¥áˆ­
For delivery option fees are from 70 birr - 200 birr",raw/media/12354.jpg
12352,2024-10-09 03:42:49+00:00,-1001666492664,"FISH OIL 150 softgels 
Price 4000 birr 
Telegram https://t.me/lobelia4cosmetics
MsgğŸ‘‰ Lobelia pharmacy and cosmetics 
â˜ï¸ call 0911562031/0911587703
Adress:- Infront of Bole Medhanialem high school 
Open Monday - Monday from 8am until midnight áŠ¨áˆ°áŠ - áŠ¥áˆµáŠ¨ áˆ°áŠÂ  áŠ¨áŒ§á‰± 2:00 áˆµá‹“á‰µ - áŠ¥áˆµáŠ¨ áˆáˆ½á‰± 6:00 áˆ°á‹“á‰µ
ğŸğŸğŸ á‹¨á‰µáˆ«áŠ•áˆµá–áˆ­á‰µ áŠ áˆ›áˆ«áŒ­ áŠ¨70 - 200 á‰¥áˆ­
For delivery option fees are from 70 birr - 200 birr",raw/media/12352.jpg
12351,2024-10-09 03:42:49+00:00,-1001666492664,"NATURES BOUNTY VITAMIN B12 200 TABLETS 
Price 5000 birr 
Telegram https://t.me/lobelia4cosmetics
MsgğŸ‘‰ Lobelia pharmacy and cosmetics 
â˜ï¸ call 0911562031/0911587703
Adress:- Infront of Bole Medhanialem high school 
Open Monday - Monday from 8am until midnight áŠ¨áˆ°áŠ - áŠ¥áˆµáŠ¨ áˆ°áŠÂ  áŠ¨áŒ§á‰± 2:00 áˆµá‹“á‰µ - áŠ¥áˆµáŠ¨ áˆáˆ½á‰± 6:00 áˆ°á‹“á‰µ
ğŸğŸğŸ á‹¨á‰µáˆ«áŠ•áˆµá–áˆ­á‰µ áŠ áˆ›áˆ«áŒ­ áŠ¨70 - 200 á‰¥áˆ­
For delivery option fees are from 70 birr - 200 birr",raw/media/12351.jpg
12350,2024-10-09 03:42:49+00:00,-1001666492664,"BIOTIN 10000 mcg
Price 5000 birr 
Telegram https://t.me/lobelia4cosmetics
MsgğŸ‘‰ Lobelia pharmacy and cosmetics 
â˜ï¸ call 0911562031/0911587703
Adress:- Infront of Bole Medhanialem high school 
Open Monday - Monday from 8am until midnight áŠ¨áˆ°áŠ - áŠ¥áˆµáŠ¨ áˆ°áŠÂ  áŠ¨áŒ§á‰± 2:00 áˆµá‹“á‰µ - áŠ¥áˆµáŠ¨ áˆáˆ½á‰± 6:00 áˆ°á‹“á‰µ
ğŸğŸğŸ á‹¨á‰µáˆ«áŠ•áˆµá–áˆ­á‰µ áŠ áˆ›áˆ«áŒ­ áŠ¨70 - 200 á‰¥áˆ­
For delivery option fees are from 70 birr - 200 birr",raw/media/12350.jpg
12349,2024-10-09 03:42:49+00:00,-1001666492664,"OCUVITE 120 TABLETS 
Price 8000 birr 
Telegram https://t.me/lobelia4cosmetics
MsgğŸ‘‰ Lobelia pharmacy and cosmetics 
â˜ï¸ call 0911562031/0911587703
Adress:- Infront of Bole Medhanialem high school 
Open Monday - Monday from 8am until midnight áŠ¨áˆ°áŠ - áŠ¥áˆµáŠ¨ áˆ°áŠÂ  áŠ¨áŒ§á‰± 2:00 áˆµá‹“á‰µ - áŠ¥áˆµáŠ¨ áˆáˆ½á‰± 6:00 áˆ°á‹“á‰µ
ğŸğŸğŸ á‹¨á‰µáˆ«áŠ•áˆµá–áˆ­á‰µ áŠ áˆ›áˆ«áŒ­ áŠ¨70 - 200 á‰¥áˆ­
For delivery option fees are from 70 birr - 200 birr",raw/media/12349.jpg
12348,2024-10-09 03:42:49+00:00,-1001666492664,"IRON 365 TABLETS 
Price 5000 birr 
Telegram https://t.me/lobelia4cosmetics
MsgğŸ‘‰ Lobelia pharmacy and cosmetics 
â˜ï¸ call 0911562031/0911587703
Adress:- Infront of Bole Medhanialem high school 
Open Monday - Monday from 8am until midnight áŠ¨áˆ°áŠ - áŠ¥áˆµáŠ¨ áˆ°áŠÂ  áŠ¨áŒ§á‰± 2:00 áˆµá‹“á‰µ - áŠ¥áˆµáŠ¨ áˆáˆ½á‰± 6:00 áˆ°á‹“á‰µ 
ğŸğŸğŸ á‹¨á‰µáˆ«áŠ•áˆµá–áˆ­á‰µ áŠ áˆ›áˆ«áŒ­ áŠ¨70 - 200 á‰¥áˆ­
For delivery option fees are from 70 birr - 200 birr",raw/media/12348.jpg
12347,2024-10-09 03:42:49+00:00,-1001666492664,"VITAMIN B12 400 SOFTGELS 
Price 5500 birr 
Telegram https://t.me/lobelia4cosmetics
MsgğŸ‘‰ Lobelia pharmacy and cosmetics 
â˜ï¸ call 0911562031/0911587703
Adress:- Infront of Bole Medhanialem high school 
Open Monday - Monday from 8am until midnight áŠ¨áˆ°áŠ - áŠ¥áˆµáŠ¨ áˆ°áŠÂ  áŠ¨áŒ§á‰± 2:00 áˆµá‹“á‰µ - áŠ¥áˆµáŠ¨ áˆáˆ½á‰± 6:00 áˆ°á‹“á‰µ
ğŸğŸğŸ á‹¨á‰µáˆ«áŠ•áˆµá–áˆ­á‰µ áŠ áˆ›áˆ«áŒ­ áŠ¨70 - 200 á‰¥áˆ­
For delivery option fees are from 70 birr - 200 birr",raw/media/12347.jpg
12346,2024-10-09 03:42:49+00:00,-1001666492664,"POSTNATAL 60 SOFTGELS 
Price 6500 birr 
Telegram https://t.me/lobelia4cosmetics
MsgğŸ‘‰ Lobelia pharmacy and cosmetics 
â˜ï¸ call 0911562031/0911587703
Adress:- Infront of Bole Medhanialem high school 
Open Monday - Monday from 8am until midnight áŠ¨áˆ°áŠ - áŠ¥áˆµáŠ¨ áˆ°áŠÂ  áŠ¨áŒ§á‰± 2:00 áˆµá‹“á‰µ - áŠ¥áˆµáŠ¨ áˆáˆ½á‰± 6:00 áˆ°á‹“á‰µ
ğŸğŸğŸ á‹¨á‰µáˆ«áŠ•áˆµá–áˆ­á‰µ áŠ áˆ›áˆ«áŒ­ áŠ¨70 - 200 á‰¥áˆ­
For delivery option fees are from 70 birr - 200 birr",raw/media/12346.jpg
12345,2024-10-08 13:38:53+00:00,-1001666492664,"SARDINE 
Price 800 birr each 
Telegram https://t.me/lobelia4cosmetics
MsgğŸ‘‰ Lobelia pharmacy and cosmetics 
â˜ï¸ call 0911562031/0911587703
Adress:- Infront of Bole Medhanialem high school 
Open Monday - Monday from 8am until midnight áŠ¨áˆ°áŠ - áŠ¥áˆµáŠ¨ áˆ°áŠÂ  áŠ¨áŒ§á‰± 2:00 áˆµá‹“á‰µ - áŠ¥áˆµáŠ¨ áˆáˆ½á‰± 6:00 áˆ°á‹“á‰µ
ğŸğŸğŸ á‹¨á‰µáˆ«áŠ•áˆµá–áˆ­á‰µ áŠ áˆ›áˆ«áŒ­ áŠ¨70 - 200 á‰¥áˆ­
For delivery option fees are from 70 birr - 200 birr",raw/media/12345.jpg
12344,2024-10-08 12:18:47+00:00,-1001666492664,"UNSALTED MIXED NUTS 
Price 3600 birr 
Telegram https://t.me/lobelia4cosmetics
MsgğŸ‘‰ Lobelia pharmacy and cosmetics 
â˜ï¸ call 0911562031/0911587703
Adress:- Infront of Bole Medhanialem high school 
Open Monday - Monday from 8am until midnight áŠ¨áˆ°áŠ - áŠ¥áˆµáŠ¨ áˆ°áŠÂ  áŠ¨áŒ§á‰± 2:00 áˆµá‹“á‰µ - áŠ¥áˆµáŠ¨ áˆáˆ½á‰± 6:00 áˆ°á‹“á‰µ
ğŸğŸğŸ á‹¨á‰µáˆ«áŠ•áˆµá–áˆ­á‰µ áŠ áˆ›áˆ«áŒ­ áŠ¨70 - 200 á‰¥áˆ­
For delivery option fees are from 70 birr - 200 birr",raw/media/12344.jpg
12343,2024-10-08 12:18:47+00:00,-1001666492664,"SALTED MIXED NUTS 
Price 3600 birr 
Telegram https://t.me/lobelia4cosmetics
MsgğŸ‘‰ Lobelia pharmacy and cosmetics 
â˜ï¸ call 0911562031/0911587703
Adress:- Infront of Bole Medhanialem high school 
Open Monday - Monday from 8am until midnight áŠ¨áˆ°áŠ - áŠ¥áˆµáŠ¨ áˆ°áŠÂ  áŠ¨áŒ§á‰± 2:00 áˆµá‹“á‰µ - áŠ¥áˆµáŠ¨ áˆáˆ½á‰± 6:00 áˆ°á‹“á‰µ
ğŸğŸğŸ á‹¨á‰µáˆ«áŠ•áˆµá–áˆ­á‰µ áŠ áˆ›áˆ«áŒ­ áŠ¨70 - 200 á‰¥áˆ­
For delivery option fees are from 70 birr - 200 birr",raw/media/12343.jpg
12342,2024-10-08 12:18:47+00:00,-1001666492664,"UNSALTED CASHEWS
Price 3600 birr 
Telegram https://t.me/lobelia4cosmetics
MsgğŸ‘‰ Lobelia pharmacy and cosmetics 
â˜ï¸ call 0911562031/0911587703
Adress:- Infront of Bole Medhanialem high school 
Open Monday - Monday from 8am until midnight áŠ¨áˆ°áŠ - áŠ¥áˆµáŠ¨ áˆ°áŠÂ  áŠ¨áŒ§á‰± 2:00 áˆµá‹“á‰µ - áŠ¥áˆµáŠ¨ áˆáˆ½á‰± 6:00 áˆ°á‹“á‰µ
ğŸğŸğŸ á‹¨á‰µáˆ«áŠ•áˆµá–áˆ­á‰µ áŠ áˆ›áˆ«áŒ­ áŠ¨70 - 200 á‰¥áˆ­
For delivery option fees are from 70 birr - 200 birr",raw/media/12342.jpg
12341,2024-10-08 12:18:47+00:00,-1001666492664,,raw/media/12341.jpg
12340,2024-10-08 12:18:47+00:00,-1001666492664,"SUAVE KIDS WASH 
Price 3200 birr 
Telegram https://t.me/lobelia4cosmetics
MsgğŸ‘‰ Lobelia pharmacy and cosmetics 
â˜ï¸ call 0911562031/0911587703
Adress:- Infront of Bole Medhanialem high school 
Open Monday - Monday from 8am until midnight áŠ¨áˆ°áŠ - áŠ¥áˆµáŠ¨ áˆ°áŠÂ  áŠ¨áŒ§á‰± 2:00 áˆµá‹“á‰µ - áŠ¥áˆµáŠ¨ áˆáˆ½á‰± 6:00 áˆ°á‹“á‰µ
ğŸğŸğŸ á‹¨á‰µáˆ«áŠ•áˆµá–áˆ­á‰µ áŠ áˆ›áˆ«áŒ­ áŠ¨70 - 200 á‰¥áˆ­
For delivery option fees are from 70 birr - 200 birr",raw/media/12340.jpg
12339,2024-10-08 12:18:47+00:00,-1001666492664,"QUAKER OATS 
Price 5000 birr 
Telegram https://t.me/lobelia4cosmetics
MsgğŸ‘‰ Lobelia pharmacy and cosmetics 
â˜ï¸ call 0911562031/0911587703
Adress:- Infront of Bole Medhanialem high school 
Open Monday - Monday from 8am until midnight áŠ¨áˆ°áŠ - áŠ¥áˆµáŠ¨ áˆ°áŠÂ  áŠ¨áŒ§á‰± 2:00 áˆµá‹“á‰µ - áŠ¥áˆµáŠ¨ áˆáˆ½á‰± 6:00 áˆ°á‹“á‰µ
ğŸğŸğŸ á‹¨á‰µáˆ«áŠ•áˆµá–áˆ­á‰µ áŠ áˆ›áˆ«áŒ­ áŠ¨70 - 200 á‰¥áˆ­
For delivery option fees are from 70 birr - 200 birr",raw/media/12339.jpg
12338,2024-10-08 12:18:47+00:00,-1001666492664,"NIDO USA 2.2KG
Price 5900 birr 
Telegram https://t.me/lobelia4cosmetics
MsgğŸ‘‰ Lobelia pharmacy and cosmetics 
â˜ï¸ call 0911562031/0911587703
Adress:- Infront of Bole Medhanialem high school 
Open Monday - Monday from 8am until midnight áŠ¨áˆ°áŠ - áŠ¥áˆµáŠ¨ áˆ°áŠÂ  áŠ¨áŒ§á‰± 2:00 áˆµá‹“á‰µ - áŠ¥áˆµáŠ¨ áˆáˆ½á‰± 6:00 áˆ°á‹“á‰µ
ğŸğŸğŸ á‹¨á‰µáˆ«áŠ•áˆµá–áˆ­á‰µ áŠ áˆ›áˆ«áŒ­ áŠ¨70 - 200 á‰¥áˆ­
For delivery option fees are from 70 birr - 200 birr",raw/media/12338.jpg
12336,2024-10-08 12:18:47+00:00,-1001666492664,"Cheerios 
Price 2800
Telegram https://t.me/lobelia4cosmetics
MsgğŸ‘‰ Lobelia pharmacy and cosmetics 
â˜ï¸ call 0911562031/0911587703
Adress:- Infront of Bole Medhanialem high school 
Open Monday - Monday from 8am until midnight áŠ¨áˆ°áŠ - áŠ¥áˆµáŠ¨ áˆ°áŠÂ  áŠ¨áŒ§á‰± 2:00 áˆµá‹“á‰µ - áŠ¥áˆµáŠ¨ áˆáˆ½á‰± 6:00 áˆ°á‹“á‰µ
ğŸğŸğŸ á‹¨á‰µáˆ«áŠ•áˆµá–áˆ­á‰µ áŠ áˆ›áˆ«áŒ­ áŠ¨70 - 200 á‰¥áˆ­
For delivery option fees are from 70 birr - 200 birr",raw/media/12336.jpg
12335,2024-10-08 12:18:47+00:00,-1001666492664,"NIDO USA 2.2KG
Price 5900 birr 
Telegram https://t.me/lobelia4cosmetics
MsgğŸ‘‰ Lobelia pharmacy and cosmetics 
â˜ï¸ call 0911562031/0911587703
Adress:- Infront of Bole Medhanialem high school 
Open Monday - Monday from 8am until midnight áŠ¨áˆ°áŠ - áŠ¥áˆµáŠ¨ áˆ°áŠÂ  áŠ¨áŒ§á‰± 2:00 áˆµá‹“á‰µ - áŠ¥áˆµáŠ¨ áˆáˆ½á‰± 6:00 áˆ°á‹“á‰µ
ğŸğŸğŸ á‹¨á‰µáˆ«áŠ•áˆµá–áˆ­á‰µ áŠ áˆ›áˆ«áŒ­ áŠ¨70 - 200 á‰¥áˆ­
For delivery option fees are from 70 birr - 200 birr",raw/media/12335.jpg
12334,2024-10-08 12:18:47+00:00,-1001666492664,"ENSURE 850GM
Price 3800 birr 
Telegram https://t.me/lobelia4cosmetics
MsgğŸ‘‰ Lobelia pharmacy and cosmetics 
â˜ï¸ call 0911562031/0911587703
Adress:- Infront of Bole Medhanialem high school 
Open Monday - Monday from 8am until midnight áŠ¨áˆ°áŠ - áŠ¥áˆµáŠ¨ áˆ°áŠÂ  áŠ¨áŒ§á‰± 2:00 áˆµá‹“á‰µ - áŠ¥áˆµáŠ¨ áˆáˆ½á‰± 6:00 áˆ°á‹“á‰µ
ğŸğŸğŸ á‹¨á‰µáˆ«áŠ•áˆµá–áˆ­á‰µ áŠ áˆ›áˆ«áŒ­ áŠ¨70 - 200 á‰¥áˆ­
For delivery option fees are from 70 birr - 200 birr",raw/media/12334.jpg
12333,2024-10-08 12:18:46+00:00,-1001666492664,"SIMILAC ADVANCE 
Price 3700 birr 
Telegram https://t.me/lobelia4cosmetics
MsgğŸ‘‰ Lobelia pharmacy and cosmetics 
â˜ï¸ call 0911562031/0911587703
Adress:- Infront of Bole Medhanialem high school 
Open Monday - Monday from 8am until midnight áŠ¨áˆ°áŠ - áŠ¥áˆµáŠ¨ áˆ°áŠÂ  áŠ¨áŒ§á‰± 2:00 áˆµá‹“á‰µ - áŠ¥áˆµáŠ¨ áˆáˆ½á‰± 6:00 áˆ°á‹“á‰µ
ğŸğŸğŸ á‹¨á‰µáˆ«áŠ•áˆµá–áˆ­á‰µ áŠ áˆ›áˆ«áŒ­ áŠ¨70 - 200 á‰¥áˆ­
For delivery option fees are from 70 birr - 200 birr",raw/media/12333.jpg
12332,2024-10-08 12:18:46+00:00,-1001666492664,"HONEY BUNCHES 
Price 2800
Telegram https://t.me/lobelia4cosmetics
MsgğŸ‘‰ Lobelia pharmacy and cosmetics 
â˜ï¸ call 0911562031/0911587703
Adress:- Infront of Bole Medhanialem high school 
Open Monday - Monday from 8am until midnight áŠ¨áˆ°áŠ - áŠ¥áˆµáŠ¨ áˆ°áŠÂ  áŠ¨áŒ§á‰± 2:00 áˆµá‹“á‰µ - áŠ¥áˆµáŠ¨ áˆáˆ½á‰± 6:00 áˆ°á‹“á‰µ
ğŸğŸğŸ á‹¨á‰µáˆ«áŠ•áˆµá–áˆ­á‰µ áŠ áˆ›áˆ«áŒ­ áŠ¨70 - 200 á‰¥áˆ­
For delivery option fees are from 70 birr - 200 birr",raw/media/12332.jpg
12331,2024-10-08 04:36:00+00:00,-1001666492664,"Baby D Drops 
Price 3500 birr 
Telegram https://t.me/lobelia4cosmetics
MsgğŸ‘‰ Lobelia pharmacy and cosmetics 
â˜ï¸ call 0911562031/0911587703
Adress:- Infront of Bole Medhanialem high school 
Open Monday - Monday from 8am until midnight áŠ¨áˆ°áŠ - áŠ¥áˆµáŠ¨ áˆ°áŠÂ  áŠ¨áŒ§á‰± 2:00 áˆµá‹“á‰µ - áŠ¥áˆµáŠ¨ áˆáˆ½á‰± 6:00 áˆ°á‹“á‰µ
ğŸğŸğŸ á‹¨á‰µáˆ«áŠ•áˆµá–áˆ­á‰µ áŠ áˆ›áˆ«áŒ­ áŠ¨70 - 200 á‰¥áˆ­
For delivery option fees are from 70 birr - 200 birr",raw/media/12331.jpg
12330,2024-10-08 04:36:00+00:00,-1001666492664,"Mini Drops BED TIME 
Price 2800 birr 
Telegram https://t.me/lobelia4cosmetics
MsgğŸ‘‰ Lobelia pharmacy and cosmetics 
â˜ï¸ call 0911562031/0911587703
Adress:- Infront of Bole Medhanialem high school 
Open Monday - Monday from 8am until midnight áŠ¨áˆ°áŠ - áŠ¥áˆµáŠ¨ áˆ°áŠÂ  áŠ¨áŒ§á‰± 2:00 áˆµá‹“á‰µ - áŠ¥áˆµáŠ¨ áˆáˆ½á‰± 6:00 áˆ°á‹“á‰µ
ğŸğŸğŸ á‹¨á‰µáˆ«áŠ•áˆµá–áˆ­á‰µ áŠ áˆ›áˆ«áŒ­ áŠ¨70 - 200 á‰¥áˆ­
For delivery option fees are from 70 birr - 200 birr",raw/media/12330.jpg
12329,2024-10-08 04:36:00+00:00,-1001666492664,"Mini Drops IMMUNE PLUS 
Price 2800 birr 
Telegram https://t.me/lobelia4cosmetics
MsgğŸ‘‰ Lobelia pharmacy and cosmetics 
â˜ï¸ call 0911562031/0911587703
Adress:- Infront of Bole Medhanialem high school 
Open Monday - Monday from 8am until midnight áŠ¨áˆ°áŠ - áŠ¥áˆµáŠ¨ áˆ°áŠÂ  áŠ¨áŒ§á‰± 2:00 áˆµá‹“á‰µ - áŠ¥áˆµáŠ¨ áˆáˆ½á‰± 6:00 áˆ°á‹“á‰µ
ğŸğŸğŸ á‹¨á‰µáˆ«áŠ•áˆµá–áˆ­á‰µ áŠ áˆ›áˆ«áŒ­ áŠ¨70 - 200 á‰¥áˆ­
For delivery option fees are from 70 birr - 200 birr",raw/media/12329.jpg
12328,2024-10-08 04:36:00+00:00,-1001666492664,"IRON DROP 
Price 3500 birr 
Telegram https://t.me/lobelia4cosmetics
MsgğŸ‘‰ Lobelia pharmacy and cosmetics 
â˜ï¸ call 0911562031/0911587703
Adress:- Infront of Bole Medhanialem high school 
Open Monday - Monday from 8am until midnight áŠ¨áˆ°áŠ - áŠ¥áˆµáŠ¨ áˆ°áŠÂ  áŠ¨áŒ§á‰± 2:00 áˆµá‹“á‰µ - áŠ¥áˆµáŠ¨ áˆáˆ½á‰± 6:00 áˆ°á‹“á‰µ
ğŸğŸğŸ á‹¨á‰µáˆ«áŠ•áˆµá–áˆ­á‰µ áŠ áˆ›áˆ«áŒ­ áŠ¨70 - 200 á‰¥áˆ­
For delivery option fees are from 70 birr - 200 birr",raw/media/12328.jpg
12327,2024-10-08 04:36:00+00:00,-1001666492664,"WELL BABAY VITAMIN D DROP 400 IU
Price 3000 birr 
Telegram https://t.me/lobelia4cosmetics
MsgğŸ‘‰ Lobelia pharmacy and cosmetics 
â˜ï¸ call 0911562031/0911587703
Adress:- Infront of Bole Medhanialem high school 
Open Monday - Monday from 8am until midnight áŠ¨áˆ°áŠ - áŠ¥áˆµáŠ¨ áˆ°áŠÂ  áŠ¨áŒ§á‰± 2:00 áˆµá‹“á‰µ - áŠ¥áˆµáŠ¨ áˆáˆ½á‰± 6:00 áˆ°á‹“á‰µ
ğŸğŸğŸ á‹¨á‰µáˆ«áŠ•áˆµá–áˆ­á‰µ áŠ áˆ›áˆ«áŒ­ áŠ¨70 - 200 á‰¥áˆ­
For delivery option fees are from 70 birr - 200 birr",raw/media/12327.jpg
12326,2024-10-08 04:36:00+00:00,-1001666492664,"PEDIASURE 3+
Price 5000 birr 
Telegram https://t.me/lobelia4cosmetics
MsgğŸ‘‰ Lobelia pharmacy and cosmetics 
â˜ï¸ call 0911562031/0911587703
Adress:- Infront of Bole Medhanialem high school 
Open Monday - Monday from 8am until midnight áŠ¨áˆ°áŠ - áŠ¥áˆµáŠ¨ áˆ°áŠÂ  áŠ¨áŒ§á‰± 2:00 áˆµá‹“á‰µ - áŠ¥áˆµáŠ¨ áˆáˆ½á‰± 6:00 áˆ°á‹“á‰µ
ğŸğŸğŸ á‹¨á‰µáˆ«áŠ•áˆµá–áˆ­á‰µ áŠ áˆ›áˆ«áŒ­ áŠ¨70 - 200 á‰¥áˆ­
For delivery option fees are from 70 birr - 200 birr",raw/media/12326.jpg
12325,2024-10-08 04:35:59+00:00,-1001666492664,"FISH OIL 150 softgels 
Price 4000 birr 
Telegram https://t.me/lobelia4cosmetics
MsgğŸ‘‰ Lobelia pharmacy and cosmetics 
â˜ï¸ call 0911562031/0911587703
Adress:- Infront of Bole Medhanialem high school 
Open Monday - Monday from 8am until midnight áŠ¨áˆ°áŠ - áŠ¥áˆµáŠ¨ áˆ°áŠÂ  áŠ¨áŒ§á‰± 2:00 áˆµá‹“á‰µ - áŠ¥áˆµáŠ¨ áˆáˆ½á‰± 6:00 áˆ°á‹“á‰µ
ğŸğŸğŸ á‹¨á‰µáˆ«áŠ•áˆµá–áˆ­á‰µ áŠ áˆ›áˆ«áŒ­ áŠ¨70 - 200 á‰¥áˆ­
For delivery option fees are from 70 birr - 200 birr",raw/media/12325.jpg
12324,2024-10-08 04:35:59+00:00,-1001666492664,"CENTRUM MEN 50+
Price 5700 birr 
Telegram https://t.me/lobelia4cosmetics
MsgğŸ‘‰ Lobelia pharmacy and cosmetics 
â˜ï¸ call 0911562031/0911587703
Adress:- Infront of Bole Medhanialem high school 
Open Monday - Monday from 8am until midnight áŠ¨áˆ°áŠ - áŠ¥áˆµáŠ¨ áˆ°áŠÂ  áŠ¨áŒ§á‰± 2:00 áˆµá‹“á‰µ - áŠ¥áˆµáŠ¨ áˆáˆ½á‰± 6:00 áˆ°á‹“á‰µ
ğŸğŸğŸ á‹¨á‰µáˆ«áŠ•áˆµá–áˆ­á‰µ áŠ áˆ›áˆ«áŒ­ áŠ¨70 - 200 á‰¥áˆ­
For delivery option fees are from 70 birr - 200 birr",raw/media/12324.jpg
12323,2024-10-08 04:35:59+00:00,-1001666492664,"POSTNATAL 60 SOFTGELS 
Price 6500 birr 
Telegram https://t.me/lobelia4cosmetics
MsgğŸ‘‰ Lobelia pharmacy and cosmetics 
â˜ï¸ call 0911562031/0911587703
Adress:- Infront of Bole Medhanialem high school 
Open Monday - Monday from 8am until midnight áŠ¨áˆ°áŠ - áŠ¥áˆµáŠ¨ áˆ°áŠÂ  áŠ¨áŒ§á‰± 2:00 áˆµá‹“á‰µ - áŠ¥áˆµáŠ¨ áˆáˆ½á‰± 6:00 áˆ°á‹“á‰µ
ğŸğŸğŸ á‹¨á‰µáˆ«áŠ•áˆµá–áˆ­á‰µ áŠ áˆ›áˆ«áŒ­ áŠ¨70 - 200 á‰¥áˆ­
For delivery option fees are from 70 birr - 200 birr",raw/media/12323.jpg
12322,2024-10-08 04:35:59+00:00,-1001666492664,"GLYCOLIC ACID 
Price 4000 birr 
Telegram https://t.me/lobelia4cosmetics
MsgğŸ‘‰ Lobelia pharmacy and cosmetics 
â˜ï¸ call 0911562031/0911587703
Adress:- Infront of Bole Medhanialem high school 
Open Monday - Monday from 8am until midnight áŠ¨áˆ°áŠ - áŠ¥áˆµáŠ¨ áˆ°áŠÂ  áŠ¨áŒ§á‰± 2:00 áˆµá‹“á‰µ - áŠ¥áˆµáŠ¨ áˆáˆ½á‰± 6:00 áˆ°á‹“á‰µ
ğŸğŸğŸ á‹¨á‰µáˆ«áŠ•áˆµá–áˆ­á‰µ áŠ áˆ›áˆ«áŒ­ áŠ¨70 - 200 á‰¥áˆ­
For delivery option fees are from 70 birr - 200 birr",raw/media/12322.jpg
12321,2024-10-08 04:35:59+00:00,-1001666492664,"NATURES BOUNTY VITAMIN B12 200 TABLETS 
Price 5000 birr 
Telegram https://t.me/lobelia4cosmetics
MsgğŸ‘‰ Lobelia pharmacy and cosmetics 
â˜ï¸ call 0911562031/0911587703
Adress:- Infront of Bole Medhanialem high school 
Open Monday - Monday from 8am until midnight áŠ¨áˆ°áŠ - áŠ¥áˆµáŠ¨ áˆ°áŠÂ  áŠ¨áŒ§á‰± 2:00 áˆµá‹“á‰µ - áŠ¥áˆµáŠ¨ áˆáˆ½á‰± 6:00 áˆ°á‹“á‰µ
ğŸğŸğŸ á‹¨á‰µáˆ«áŠ•áˆµá–áˆ­á‰µ áŠ áˆ›áˆ«áŒ­ áŠ¨70 - 200 á‰¥áˆ­
For delivery option fees are from 70 birr - 200 birr",raw/media/12321.jpg
12320,2024-10-08 04:35:59+00:00,-1001666492664,"THYLANOL 225 CAPLETS
Price 4000 birr 
Telegram https://t.me/lobelia4cosmetics
MsgğŸ‘‰ Lobelia pharmacy and cosmetics 
â˜ï¸ call 0911562031/0911587703
Adress:- Infront of Bole Medhanialem high school 
Open Monday - Monday from 8am until midnight áŠ¨áˆ°áŠ - áŠ¥áˆµáŠ¨ áˆ°áŠÂ  áŠ¨áŒ§á‰± 2:00 áˆµá‹“á‰µ - áŠ¥áˆµáŠ¨ áˆáˆ½á‰± 6:00 áˆ°á‹“á‰µ
ğŸğŸğŸ á‹¨á‰µáˆ«áŠ•áˆµá–áˆ­á‰µ áŠ áˆ›áˆ«áŒ­ áŠ¨70 - 200 á‰¥áˆ­
For delivery option fees are from 70 birr - 200 birr",raw/media/12320.jpg
12319,2024-10-08 04:35:59+00:00,-1001666492664,,raw/media/12319.jpg
12318,2024-10-08 04:35:59+00:00,-1001666492664,"DAY & NIGHT QUIL 
Price 2200 birr
Telegram https://t.me/lobelia4cosmetics
MsgğŸ‘‰ Lobelia pharmacy and cosmetics 
â˜ï¸ call 0911562031/0911587703
Adress:- Infront of Bole Medhanialem high school 
Open Monday - Monday from 8am until midnight áŠ¨áˆ°áŠ - áŠ¥áˆµáŠ¨ áˆ°áŠÂ  áŠ¨áŒ§á‰± 2:00 áˆµá‹“á‰µ - áŠ¥áˆµáŠ¨ áˆáˆ½á‰± 6:00 áˆ°á‹“á‰µ
ğŸğŸğŸ á‹¨á‰µáˆ«áŠ•áˆµá–áˆ­á‰µ áŠ áˆ›áˆ«áŒ­ áŠ¨70 - 200 á‰¥áˆ­
For delivery option fees are from 70 birr - 200 birr",raw/media/12318.jpg
12317,2024-10-08 04:35:59+00:00,-1001666492664,"OCUVITE 120 TABLETS 
Price 8000 birr 
Telegram https://t.me/lobelia4cosmetics
MsgğŸ‘‰ Lobelia pharmacy and cosmetics 
â˜ï¸ call 0911562031/0911587703
Adress:- Infront of Bole Medhanialem high school 
Open Monday - Monday from 8am until midnight áŠ¨áˆ°áŠ - áŠ¥áˆµáŠ¨ áˆ°áŠÂ  áŠ¨áŒ§á‰± 2:00 áˆµá‹“á‰µ - áŠ¥áˆµáŠ¨ áˆáˆ½á‰± 6:00 áˆ°á‹“á‰µ
ğŸğŸğŸ á‹¨á‰µáˆ«áŠ•áˆµá–áˆ­á‰µ áŠ áˆ›áˆ«áŒ­ áŠ¨70 - 200 á‰¥áˆ­
For delivery option fees are from 70 birr - 200 birr",raw/media/12317.jpg
12316,2024-10-08 04:35:59+00:00,-1001666492664,"PRENATAL 150 softgels 
Price 5000 birr 
Telegram https://t.me/lobelia4cosmetics
MsgğŸ‘‰ Lobelia pharmacy and cosmetics 
â˜ï¸ call 0911562031/0911587703
Adress:- Infront of Bole Medhanialem high school 
Open Monday - Monday from 8am until midnight áŠ¨áˆ°áŠ - áŠ¥áˆµáŠ¨ áˆ°áŠÂ  áŠ¨áŒ§á‰± 2:00 áˆµá‹“á‰µ - áŠ¥áˆµáŠ¨ áˆáˆ½á‰± 6:00 áˆ°á‹“á‰µ
ğŸğŸğŸ á‹¨á‰µáˆ«áŠ•áˆµá–áˆ­á‰µ áŠ áˆ›áˆ«áŒ­ áŠ¨70 - 200 á‰¥áˆ­
For delivery option fees are from 70 birr - 200 birr",raw/media/12316.jpg
12315,2024-10-08 04:35:59+00:00,-1001666492664,"NEUTROGENA RAPID WRINKLE REPAIR SERUM 
Price 6000 birr 
Telegram https://t.me/lobelia4cosmetics
MsgğŸ‘‰ Lobelia pharmacy and cosmetics 
â˜ï¸ call 0911562031/0911587703
Adress:- Infront of Bole Medhanialem high school 
Open Monday - Monday from 8am until midnight áŠ¨áˆ°áŠ - áŠ¥áˆµáŠ¨ áˆ°áŠÂ  áŠ¨áŒ§á‰± 2:00 áˆµá‹“á‰µ - áŠ¥áˆµáŠ¨ áˆáˆ½á‰± 6:00 áˆ°á‹“á‰µ
ğŸğŸğŸ á‹¨á‰µáˆ«áŠ•áˆµá–áˆ­á‰µ áŠ áˆ›áˆ«áŒ­ áŠ¨70 - 200 á‰¥áˆ­
For delivery option fees are from 70 birr - 200 birr",raw/media/12315.jpg
12314,2024-10-08 04:35:59+00:00,-1001666492664,"LAROCHE VITAMIN C SERUM 
Price 6000 birr 
Telegram https://t.me/lobelia4cosmetics
MsgğŸ‘‰ Lobelia pharmacy and cosmetics 
â˜ï¸ call 0911562031/0911587703
Adress:- Infront of Bole Medhanialem high school 
Open Monday - Monday from 8am until midnight áŠ¨áˆ°áŠ - áŠ¥áˆµáŠ¨ áˆ°áŠÂ  áŠ¨áŒ§á‰± 2:00 áˆµá‹“á‰µ - áŠ¥áˆµáŠ¨ áˆáˆ½á‰± 6:00 áˆ°á‹“á‰µ
ğŸğŸğŸ á‹¨á‰µáˆ«áŠ•áˆµá–áˆ­á‰µ áŠ áˆ›áˆ«áŒ­ áŠ¨70 - 200 á‰¥áˆ­
For delivery option fees are from 70 birr - 200 birr",raw/media/12314.jpg
12313,2024-10-08 04:35:59+00:00,-1001666492664,"LAROCHE SUNSCREEN 
Price 4000 birr 
Telegram https://t.me/lobelia4cosmetics
MsgğŸ‘‰ Lobelia pharmacy and cosmetics 
â˜ï¸ call 0911562031/0911587703
Adress:- Infront of Bole Medhanialem high school 
Open Monday - Monday from 8am until midnight áŠ¨áˆ°áŠ - áŠ¥áˆµáŠ¨ áˆ°áŠÂ  áŠ¨áŒ§á‰± 2:00 áˆµá‹“á‰µ - áŠ¥áˆµáŠ¨ áˆáˆ½á‰± 6:00 áˆ°á‹“á‰µ
ğŸğŸğŸ á‹¨á‰µáˆ«áŠ•áˆµá–áˆ­á‰µ áŠ áˆ›áˆ«áŒ­ áŠ¨70 - 200 á‰¥áˆ­
For delivery option fees are from 70 birr - 200 birr",raw/media/12313.jpg
12312,2024-10-08 04:35:59+00:00,-1001666492664,"Wellbaby multivitamin drop 
Price 3000 birr 
Telegram https://t.me/lobelia4cosmetics
MsgğŸ‘‰ Lobelia pharmacy and cosmetics 
â˜ï¸ call 0911562031/0911587703
Adress:- Infront of Bole Medhanialem high school 
Open Monday - Monday from 8am until midnight áŠ¨áˆ°áŠ - áŠ¥áˆµáŠ¨ áˆ°áŠÂ  áŠ¨áŒ§á‰± 2:00 áˆµá‹“á‰µ - áŠ¥áˆµáŠ¨ áˆáˆ½á‰± 6:00 áˆ°á‹“á‰µ
ğŸğŸğŸ á‹¨á‰µáˆ«áŠ•áˆµá–áˆ­á‰µ áŠ áˆ›áˆ«áŒ­ áŠ¨70 - 200 á‰¥áˆ­
For delivery option fees are from 70 birr - 200 birr",raw/media/12312.jpg
12311,2024-10-08 04:35:59+00:00,-1001666492664,"ONE A DAY MEN 300 TABLETS 
Price 5500 birr 
Telegram https://t.me/lobelia4cosmetics
MsgğŸ‘‰ Lobelia pharmacy and cosmetics 
â˜ï¸ call 0911562031/0911587703
Adress:- Infront of Bole Medhanialem high school 
Open Monday - Monday from 8am until midnight áŠ¨áˆ°áŠ - áŠ¥áˆµáŠ¨ áˆ°áŠÂ  áŠ¨áŒ§á‰± 2:00 áˆµá‹“á‰µ - áŠ¥áˆµáŠ¨ áˆáˆ½á‰± 6:00 áˆ°á‹“á‰µ
ğŸğŸğŸ á‹¨á‰µáˆ«áŠ•áˆµá–áˆ­á‰µ áŠ áˆ›áˆ«áŒ­ áŠ¨70 - 200 á‰¥áˆ­
For delivery option fees are from 70 birr - 200 birr",raw/media/12311.jpg
12310,2024-10-08 04:35:59+00:00,-1001666492664,"Qunol 30 softgels 
Price 3500 birr 
Telegram https://t.me/lobelia4cosmetics
MsgğŸ‘‰ Lobelia pharmacy and cosmetics 
â˜ï¸ call 0911562031/0911587703
Adress:- Infront of Bole Medhanialem high school 
Open Monday - Monday from 8am until midnight áŠ¨áˆ°áŠ - áŠ¥áˆµáŠ¨ áˆ°áŠÂ  áŠ¨áŒ§á‰± 2:00 áˆµá‹“á‰µ - áŠ¥áˆµáŠ¨ áˆáˆ½á‰± 6:00 áˆ°á‹“á‰µ
ğŸğŸğŸ á‹¨á‰µáˆ«áŠ•áˆµá–áˆ­á‰µ áŠ áˆ›áˆ«áŒ­ áŠ¨70 - 200 á‰¥áˆ­
For delivery option fees are from 70 birr - 200 birr",raw/media/12310.jpg
12309,2024-10-08 04:35:59+00:00,-1001666492664,"NEUTROGENA RAPID TONE REPAIR 
Price 3000 birr 
Telegram https://t.me/lobelia4cosmetics
MsgğŸ‘‰ Lobelia pharmacy and cosmetics 
â˜ï¸ call 0911562031/0911587703
Adress:- Infront of Bole Medhanialem high school 
Open Monday - Monday from 8am until midnight áŠ¨áˆ°áŠ - áŠ¥áˆµáŠ¨ áˆ°áŠÂ  áŠ¨áŒ§á‰± 2:00 áˆµá‹“á‰µ - áŠ¥áˆµáŠ¨ áˆáˆ½á‰± 6:00 áˆ°á‹“á‰µ
ğŸğŸğŸ á‹¨á‰µáˆ«áŠ•áˆµá–áˆ­á‰µ áŠ áˆ›áˆ«áŒ­ áŠ¨70 - 200 á‰¥áˆ­
For delivery option fees are from 70 birr - 200 birr",raw/media/12309.jpg
12308,2024-10-08 04:35:59+00:00,-1001666492664,"GILLETTE VENUS 
Price 4000 birr 
Telegram https://t.me/lobelia4cosmetics
MsgğŸ‘‰ Lobelia pharmacy and cosmetics 
â˜ï¸ call 0911562031/0911587703
Adress:- Infront of Bole Medhanialem high school 
Open Monday - Monday from 8am until midnight áŠ¨áˆ°áŠ - áŠ¥áˆµáŠ¨ áˆ°áŠÂ  áŠ¨áŒ§á‰± 2:00 áˆµá‹“á‰µ - áŠ¥áˆµáŠ¨ áˆáˆ½á‰± 6:00 áˆ°á‹“á‰µ
ğŸğŸğŸ á‹¨á‰µáˆ«áŠ•áˆµá–áˆ­á‰µ áŠ áˆ›áˆ«áŒ­ áŠ¨70 - 200 á‰¥áˆ­
For delivery option fees are from 70 birr - 200 birr",raw/media/12308.jpg
12307,2024-10-08 04:35:59+00:00,-1001666492664,"NEUTROGENA INVISIBLE DAILY  DEFENSE 
Price 3500 birr 
Telegram https://t.me/lobelia4cosmetics
MsgğŸ‘‰ Lobelia pharmacy and cosmetics 
â˜ï¸ call 0911562031/0911587703
Adress:- Infront of Bole Medhanialem high school 
Open Monday - Monday from 8am until midnight áŠ¨áˆ°áŠ - áŠ¥áˆµáŠ¨ áˆ°áŠÂ  áŠ¨áŒ§á‰± 2:00 áˆµá‹“á‰µ - áŠ¥áˆµáŠ¨ áˆáˆ½á‰± 6:00 áˆ°á‹“á‰µ
ğŸğŸğŸ á‹¨á‰µáˆ«áŠ•áˆµá–áˆ­á‰µ áŠ áˆ›áˆ«áŒ­ áŠ¨70 - 200 á‰¥áˆ­
For delivery option fees are from 70 birr - 200 birr",raw/media/12307.jpg
12306,2024-10-08 04:35:59+00:00,-1001666492664,"STUDIO SUNSCREEN SPF 100
Price 4000 birr 
Telegram https://t.me/lobelia4cosmetics
MsgğŸ‘‰ Lobelia pharmacy and cosmetics 
â˜ï¸ call 0911562031/0911587703
Adress:- Infront of Bole Medhanialem high school 
Open Monday - Monday from 8am until midnight áŠ¨áˆ°áŠ - áŠ¥áˆµáŠ¨ áˆ°áŠÂ  áŠ¨áŒ§á‰± 2:00 áˆµá‹“á‰µ - áŠ¥áˆµáŠ¨ áˆáˆ½á‰± 6:00 áˆ°á‹“á‰µ
ğŸğŸğŸ á‹¨á‰µáˆ«áŠ•áˆµá–áˆ­á‰µ áŠ áˆ›áˆ«áŒ­ áŠ¨70  - 200 á‰¥áˆ­
For delivery option fees are from 70 birr - 200 birr",raw/media/12306.jpg
12305,2024-10-08 04:35:59+00:00,-1001666492664,"NEUTROGENA RETINOL SPF 30
Price 4500 birr 
Telegram https://t.me/lobelia4cosmetics
MsgğŸ‘‰ Lobelia pharmacy and cosmetics 
â˜ï¸ call 0911562031/0911587703
Adress:- Infront of Bole Medhanialem high school 
Open Monday - Monday from 8am until midnight áŠ¨áˆ°áŠ - áŠ¥áˆµáŠ¨ áˆ°áŠÂ  áŠ¨áŒ§á‰± 2:00 áˆµá‹“á‰µ - áŠ¥áˆµáŠ¨ áˆáˆ½á‰± 6:00 áˆ°á‹“á‰µ
ğŸğŸğŸ á‹¨á‰µáˆ«áŠ•áˆµá–áˆ­á‰µ áŠ áˆ›áˆ«áŒ­ áŠ¨70 - 200 á‰¥áˆ­
For delivery option fees are from 70 birr - 200 birr",raw/media/12305.jpg
12304,2024-10-08 04:35:59+00:00,-1001666492664,"NEUTROGENA NIACINAMIDE SERUM 5500
Price 5000 birr 
Telegram https://t.me/lobelia4cosmetics
MsgğŸ‘‰ Lobelia pharmacy and cosmetics 
â˜ï¸ call 0911562031/0911587703
Adress:- Infront of Bole Medhanialem high school 
Open Monday - Monday from 8am until midnight áŠ¨áˆ°áŠ - áŠ¥áˆµáŠ¨ áˆ°áŠÂ  áŠ¨áŒ§á‰± 2:00 áˆµá‹“á‰µ - áŠ¥áˆµáŠ¨ áˆáˆ½á‰± 6:00 áˆ°á‹“á‰µ
ğŸğŸğŸ á‹¨á‰µáˆ«áŠ•áˆµá–áˆ­á‰µ áŠ áˆ›áˆ«áŒ­ áŠ¨70 - 200 á‰¥áˆ­
For delivery option fees are from 70 birr - 200 birr",raw/media/12304.jpg
12303,2024-10-08 04:35:59+00:00,-1001666492664,"OLAY COMPLETE MOISTURIZER 
Price 4000 birr 
Telegram https://t.me/lobelia4cosmetics
MsgğŸ‘‰ Lobelia pharmacy and cosmetics 
â˜ï¸ call 0911562031/0911587703
Adress:- Infront of Bole Medhanialem high school 
Open Monday - Monday from 8am until midnight áŠ¨áˆ°áŠ - áŠ¥áˆµáŠ¨ áˆ°áŠÂ  áŠ¨áŒ§á‰± 2:00 áˆµá‹“á‰µ - áŠ¥áˆµáŠ¨ áˆáˆ½á‰± 6:00 áˆ°á‹“á‰µ
ğŸğŸğŸ á‹¨á‰µáˆ«áŠ•áˆµá–áˆ­á‰µ áŠ áˆ›áˆ«áŒ­ áŠ¨70 - 200 á‰¥áˆ­
For delivery option fees are from 70 birr - 200 birr",raw/media/12303.jpg
12302,2024-10-08 04:35:59+00:00,-1001666492664,"LAROCHE BRIGHT REVEAL 
Price 4500 birr 
Telegram https://t.me/lobelia4cosmetics
MsgğŸ‘‰ Lobelia pharmacy and cosmetics 
â˜ï¸ call 0911562031/0911587703
Adress:- Infront of Bole Medhanialem high school 
Open Monday - Monday from 8am until midnight áŠ¨áˆ°áŠ - áŠ¥áˆµáŠ¨ áˆ°áŠÂ  áŠ¨áŒ§á‰± 2:00 áˆµá‹“á‰µ - áŠ¥áˆµáŠ¨ áˆáˆ½á‰± 6:00 áˆ°á‹“á‰µ
ğŸğŸğŸ á‹¨á‰µáˆ«áŠ•áˆµá–áˆ­á‰µ áŠ áˆ›áˆ«áŒ­ áŠ¨70 - 200 á‰¥áˆ­
For delivery option fees are from 70 birr - 200 birr",raw/media/12302.jpg
12301,2024-10-08 04:35:59+00:00,-1001666492664,"LOREAL COLLAGEN CREAM 
Price 4000 birr 
Telegram https://t.me/lobelia4cosmetics
MsgğŸ‘‰ Lobelia pharmacy and cosmetics 
â˜ï¸ call 0911562031/0911587703
Adress:- Infront of Bole Medhanialem high school 
Open Monday - Monday from 8am until midnight áŠ¨áˆ°áŠ - áŠ¥áˆµáŠ¨ áˆ°áŠÂ  áŠ¨áŒ§á‰± 2:00 áˆµá‹“á‰µ - áŠ¥áˆµáŠ¨ áˆáˆ½á‰± 6:00 áˆ°á‹“á‰µ
ğŸğŸğŸ á‹¨á‰µáˆ«áŠ•áˆµá–áˆ­á‰µ áŠ áˆ›áˆ«áŒ­ áŠ¨70 - 200 á‰¥áˆ­
For delivery option fees are from 70 birr - 200 birr",raw/media/12301.jpg
12300,2024-10-08 04:35:58+00:00,-1001666492664,"OLAY VITAMIN C CREAM 
Price 4000 birr 
Telegram https://t.me/lobelia4cosmetics
MsgğŸ‘‰ Lobelia pharmacy and cosmetics 
â˜ï¸ call 0911562031/0911587703
Adress:- Infront of Bole Medhanialem high school 
Open Monday - Monday from 8am until midnight áŠ¨áˆ°áŠ - áŠ¥áˆµáŠ¨ áˆ°áŠÂ  áŠ¨áŒ§á‰± 2:00 áˆµá‹“á‰µ - áŠ¥áˆµáŠ¨ áˆáˆ½á‰± 6:00 áˆ°á‹“á‰µ
ğŸğŸğŸ á‹¨á‰µáˆ«áŠ•áˆµá–áˆ­á‰µ áŠ áˆ›áˆ«áŒ­ áŠ¨70 - 200 á‰¥áˆ­
For delivery option fees are from 70 birr - 200 birr",raw/media/12300.jpg
12299,2024-10-07 15:21:31+00:00,-1001666492664,"AQUAPHOR  HEALING OINTMENT 
Price 4000 birr 
Telegram https://t.me/lobelia4cosmetics
MsgğŸ‘‰ Lobelia pharmacy and cosmetics 
â˜ï¸ call 0911562031/0911587703
Adress:- Infront of Bole Medhanialem high school 
Open Monday - Monday from 8am until midnight áŠ¨áˆ°áŠ - áŠ¥áˆµáŠ¨ áˆ°áŠÂ  áŠ¨áŒ§á‰± 2:00 áˆµá‹“á‰µ - áŠ¥áˆµáŠ¨ áˆáˆ½á‰± 6:00 áˆ°á‹“á‰µ
ğŸğŸğŸ á‹¨á‰µáˆ«áŠ•áˆµá–áˆ­á‰µ áŠ áˆ›áˆ«áŒ­ áŠ¨70 - 200 á‰¥áˆ­
For delivery option fees are from 70 birr - 200 birr",raw/media/12299.jpg
12298,2024-10-07 15:19:17+00:00,-1001666492664,"AQUAPHOR BABY 
Price 4000 birr 
Telegram https://t.me/lobelia4cosmetics
MsgğŸ‘‰ Lobelia pharmacy and cosmetics 
â˜ï¸ call 0911562031/0911587703
Adress:- Infront of Bole Medhanialem high school 
Open Monday - Monday from 8am until midnight áŠ¨áˆ°áŠ - áŠ¥áˆµáŠ¨ áˆ°áŠÂ  áŠ¨áŒ§á‰± 2:00 áˆµá‹“á‰µ - áŠ¥áˆµáŠ¨ áˆáˆ½á‰± 6:00 áˆ°á‹“á‰µ
ğŸğŸğŸ á‹¨á‰µáˆ«áŠ•áˆµá–áˆ­á‰µ áŠ áˆ›áˆ«áŒ­ áŠ¨70 - 200 á‰¥áˆ­
For delivery option fees are from 70 birr - 200 birr",raw/media/12298.jpg
12297,2024-10-07 14:59:37+00:00,-1001666492664,"ALMOND 
Price 3500 birr 
Telegram https://t.me/lobelia4cosmetics
MsgğŸ‘‰ Lobelia pharmacy and cosmetics 
â˜ï¸ call 0911562031/0911587703
Adress:- Infront of Bole Medhanialem high school 
Open Monday - Monday from 8am until midnight áŠ¨áˆ°áŠ - áŠ¥áˆµáŠ¨ áˆ°áŠÂ  áŠ¨áŒ§á‰± 2:00 áˆµá‹“á‰µ - áŠ¥áˆµáŠ¨ áˆáˆ½á‰± 6:00 áˆ°á‹“á‰µ
ğŸğŸğŸ á‹¨á‰µáˆ«áŠ•áˆµá–áˆ­á‰µ áŠ áˆ›áˆ«áŒ­ áŠ¨70 - 200 á‰¥áˆ­
For delivery option fees are from 70 birr - 200 birr",raw/media/12297.jpg
12296,2024-10-07 14:59:37+00:00,-1001666492664,"KETO 
Price 3500 birr 
Telegram https://t.me/lobelia4cosmetics
MsgğŸ‘‰ Lobelia pharmacy and cosmetics 
â˜ï¸ call 0911562031/0911587703
Adress:- Infront of Bole Medhanialem high school 
Open Monday - Monday from 8am until midnight áŠ¨áˆ°áŠ - áŠ¥áˆµáŠ¨ áˆ°áŠÂ  áŠ¨áŒ§á‰± 2:00 áˆµá‹“á‰µ - áŠ¥áˆµáŠ¨ áˆáˆ½á‰± 6:00 áˆ°á‹“á‰µ
ğŸğŸğŸ á‹¨á‰µáˆ«áŠ•áˆµá–áˆ­á‰µ áŠ áˆ›áˆ«áŒ­ áŠ¨70 - 200 á‰¥áˆ­
For delivery option fees are from 70 birr - 200 birr",raw/media/12296.jpg
12295,2024-10-07 14:59:37+00:00,-1001666492664,"SPRING VALLEY VITAMIN D3 1000IU 450 SOFTGELS 
Price 5500 birr 
Telegram https://t.me/lobelia4cosmetics
MsgğŸ‘‰ Lobelia pharmacy and cosmetics 
â˜ï¸ call 0911562031/0911587703
Adress:- Infront of Bole Medhanialem high school 
Open Monday - Monday from 8am until midnight áŠ¨áˆ°áŠ - áŠ¥áˆµáŠ¨ áˆ°áŠÂ  áŠ¨áŒ§á‰± 2:00 áˆµá‹“á‰µ - áŠ¥áˆµáŠ¨ áˆáˆ½á‰± 6:00 áˆ°á‹“á‰µ
ğŸğŸğŸ á‹¨á‰µáˆ«áŠ•áˆµá–áˆ­á‰µ áŠ áˆ›áˆ«áŒ­ áŠ¨70 - 200 á‰¥áˆ­
For delivery option fees are from 70 birr - 200 birr",raw/media/12295.jpg
12294,2024-10-07 14:59:37+00:00,-1001666492664,"Aptamil No.3Â  800GM 
Price 3600 birr 
Telegram https://t.me/lobelia4cosmetics
MsgğŸ‘‰ Lobelia pharmacy and cosmetics 
â˜ï¸ call 0911562031/0911587703
Adress:- Infront of Bole Medhanialem high school 
Open Monday - Monday from 8am until midnight áŠ¨áˆ°áŠ - áŠ¥áˆµáŠ¨ áˆ°áŠÂ  áŠ¨áŒ§á‰± 2:00 áˆµá‹“á‰µ - áŠ¥áˆµáŠ¨ áˆáˆ½á‰± 6:00 áˆ°á‹“á‰µ
ğŸğŸğŸ á‹¨á‰µáˆ«áŠ•áˆµá–áˆ­á‰µ áŠ áˆ›áˆ«áŒ­ áŠ¨70 - 200 á‰¥áˆ­
For delivery option fees are from 70 birr - 200 birr",raw/media/12294.jpg
12293,2024-10-07 14:59:37+00:00,-1001666492664,"Aptamil No.2Â  800GM 
Price 3600 birr 
Telegram https://t.me/lobelia4cosmetics
MsgğŸ‘‰ Lobelia pharmacy and cosmetics 
â˜ï¸ call 0911562031/0911587703
Adress:- Infront of Bole Medhanialem high school 
Open Monday - Monday from 8am until midnight áŠ¨áˆ°áŠ - áŠ¥áˆµáŠ¨ áˆ°áŠÂ  áŠ¨áŒ§á‰± 2:00 áˆµá‹“á‰µ - áŠ¥áˆµáŠ¨ áˆáˆ½á‰± 6:00 áˆ°á‹“á‰µ
ğŸğŸğŸ á‹¨á‰µáˆ«áŠ•áˆµá–áˆ­á‰µ áŠ áˆ›áˆ«áŒ­ áŠ¨70 - 200 á‰¥áˆ­
For delivery option fees are from 70 birr - 200 birr",raw/media/12293.jpg
12292,2024-10-07 14:59:37+00:00,-1001666492664,"Aptamil No.1  800GM 
Price 3600 birr 
Telegram https://t.me/lobelia4cosmetics
MsgğŸ‘‰ Lobelia pharmacy and cosmetics 
â˜ï¸ call 0911562031/0911587703
Adress:- Infront of Bole Medhanialem high school 
Open Monday - Monday from 8am until midnight áŠ¨áˆ°áŠ - áŠ¥áˆµáŠ¨ áˆ°áŠÂ  áŠ¨áŒ§á‰± 2:00 áˆµá‹“á‰µ - áŠ¥áˆµáŠ¨ áˆáˆ½á‰± 6:00 áˆ°á‹“á‰µ
ğŸğŸğŸ á‹¨á‰µáˆ«áŠ•áˆµá–áˆ­á‰µ áŠ áˆ›áˆ«áŒ­ áŠ¨70 - 200 á‰¥áˆ­
For delivery option fees are from 70 birr - 200 birr",raw/media/12292.jpg
12291,2024-10-07 13:47:10+00:00,-1001666492664,"UNSALTED MIXED NUTS 
Price 3600 birr 
Telegram https://t.me/lobelia4cosmetics
MsgğŸ‘‰ Lobelia pharmacy and cosmetics 
â˜ï¸ call 0911562031/0911587703
Adress:- Infront of Bole Medhanialem high school 
Open Monday - Monday from 8am until midnight áŠ¨áˆ°áŠ - áŠ¥áˆµáŠ¨ áˆ°áŠÂ  áŠ¨áŒ§á‰± 2:00 áˆµá‹“á‰µ - áŠ¥áˆµáŠ¨ áˆáˆ½á‰± 6:00 áˆ°á‹“á‰µ
ğŸğŸğŸ á‹¨á‰µáˆ«áŠ•áˆµá–áˆ­á‰µ áŠ áˆ›áˆ«áŒ­ áŠ¨70 - 200 á‰¥áˆ­
For delivery option fees are from 70 birr - 200 birr",raw/media/12291.jpg
12290,2024-10-07 13:47:10+00:00,-1001666492664,"SALTED MIXED NUTS 
Price 3600 birr 
Telegram https://t.me/lobelia4cosmetics
MsgğŸ‘‰ Lobelia pharmacy and cosmetics 
â˜ï¸ call 0911562031/0911587703
Adress:- Infront of Bole Medhanialem high school 
Open Monday - Monday from 8am until midnight áŠ¨áˆ°áŠ - áŠ¥áˆµáŠ¨ áˆ°áŠÂ  áŠ¨áŒ§á‰± 2:00 áˆµá‹“á‰µ - áŠ¥áˆµáŠ¨ áˆáˆ½á‰± 6:00 áˆ°á‹“á‰µ
ğŸğŸğŸ á‹¨á‰µáˆ«áŠ•áˆµá–áˆ­á‰µ áŠ áˆ›áˆ«áŒ­ áŠ¨70 - 200 á‰¥áˆ­
For delivery option fees are from 70 birr - 200 birr",raw/media/12290.jpg
12289,2024-10-07 13:47:10+00:00,-1001666492664,"UNSALTED CASHEWS
Price 3600 birr 
Telegram https://t.me/lobelia4cosmetics
MsgğŸ‘‰ Lobelia pharmacy and cosmetics 
â˜ï¸ call 0911562031/0911587703
Adress:- Infront of Bole Medhanialem high school 
Open Monday - Monday from 8am until midnight áŠ¨áˆ°áŠ - áŠ¥áˆµáŠ¨ áˆ°áŠÂ  áŠ¨áŒ§á‰± 2:00 áˆµá‹“á‰µ - áŠ¥áˆµáŠ¨ áˆáˆ½á‰± 6:00 áˆ°á‹“á‰µ
ğŸğŸğŸ á‹¨á‰µáˆ«áŠ•áˆµá–áˆ­á‰µ áŠ áˆ›áˆ«áŒ­ áŠ¨70 - 200 á‰¥áˆ­
For delivery option fees are from 70 birr - 200 birr",raw/media/12289.jpg
12288,2024-10-07 13:47:10+00:00,-1001666492664,,raw/media/12288.jpg
12287,2024-10-07 13:47:10+00:00,-1001666492664,"SUAVE KIDS WASH 
Price 3200 birr 
Telegram https://t.me/lobelia4cosmetics
MsgğŸ‘‰ Lobelia pharmacy and cosmetics 
â˜ï¸ call 0911562031/0911587703
Adress:- Infront of Bole Medhanialem high school 
Open Monday - Monday from 8am until midnight áŠ¨áˆ°áŠ - áŠ¥áˆµáŠ¨ áˆ°áŠÂ  áŠ¨áŒ§á‰± 2:00 áˆµá‹“á‰µ - áŠ¥áˆµáŠ¨ áˆáˆ½á‰± 6:00 áˆ°á‹“á‰µ
ğŸğŸğŸ á‹¨á‰µáˆ«áŠ•áˆµá–áˆ­á‰µ áŠ áˆ›áˆ«áŒ­ áŠ¨70 - 200 á‰¥áˆ­
For delivery option fees are from 70 birr - 200 birr",raw/media/12287.jpg
12286,2024-10-07 13:47:10+00:00,-1001666492664,"QUAKER OATS 
Price 5000 birr 
Telegram https://t.me/lobelia4cosmetics
MsgğŸ‘‰ Lobelia pharmacy and cosmetics 
â˜ï¸ call 0911562031/0911587703
Adress:- Infront of Bole Medhanialem high school 
Open Monday - Monday from 8am until midnight áŠ¨áˆ°áŠ - áŠ¥áˆµáŠ¨ áˆ°áŠÂ  áŠ¨áŒ§á‰± 2:00 áˆµá‹“á‰µ - áŠ¥áˆµáŠ¨ áˆáˆ½á‰± 6:00 áˆ°á‹“á‰µ
ğŸğŸğŸ á‹¨á‰µáˆ«áŠ•áˆµá–áˆ­á‰µ áŠ áˆ›áˆ«áŒ­ áŠ¨70 - 200 á‰¥áˆ­
For delivery option fees are from 70 birr - 200 birr",raw/media/12286.jpg
12285,2024-10-07 13:47:10+00:00,-1001666492664,"AVENO KIDS SENSITIVE SKIN FACE AND BODY WASH 
Price 3600 birr 
Telegram https://t.me/lobelia4cosmetics
MsgğŸ‘‰ Lobelia pharmacy and cosmetics 
â˜ï¸ call 0911562031/0911587703
Adress:- Infront of Bole Medhanialem high school 
Open Monday - Monday from 8am until midnight áŠ¨áˆ°áŠ - áŠ¥áˆµáŠ¨ áˆ°áŠÂ  áŠ¨áŒ§á‰± 2:00 áˆµá‹“á‰µ - áŠ¥áˆµáŠ¨ áˆáˆ½á‰± 6:00 áˆ°á‹“á‰µ
ğŸğŸğŸ á‹¨á‰µáˆ«áŠ•áˆµá–áˆ­á‰µ áŠ áˆ›áˆ«áŒ­ áŠ¨70 - 200 á‰¥áˆ­
For delivery option fees are from 70 birr - 200 birr",raw/media/12285.jpg
12284,2024-10-07 13:47:10+00:00,-1001666492664,"AVENO BABY CALMING COMFORT BATH
Price 3600 birr 
Telegram https://t.me/lobelia4cosmetics
MsgğŸ‘‰ Lobelia pharmacy and cosmetics 
â˜ï¸ call 0911562031/0911587703
Adress:- Infront of Bole Medhanialem high school 
Open Monday - Monday from 8am until midnight áŠ¨áˆ°áŠ - áŠ¥áˆµáŠ¨ áˆ°áŠÂ  áŠ¨áŒ§á‰± 2:00 áˆµá‹“á‰µ - áŠ¥áˆµáŠ¨ áˆáˆ½á‰± 6:00 áˆ°á‹“á‰µ
ğŸğŸğŸ á‹¨á‰µáˆ«áŠ•áˆµá–áˆ­á‰µ áŠ áˆ›áˆ«áŒ­ áŠ¨70 - 200 á‰¥áˆ­
For delivery option fees are from 70 birr - 200 birr",raw/media/12284.jpg
