message_id,date,sender_id,message
1181,2024-10-06 16:26:40+00:00,-1001447066276,
1180,2024-10-06 15:03:40+00:00,-1001447066276,рЅ░рїђрѕЮрѕ»рѕЇ !!
1179,2024-10-06 14:58:28+00:00,-1001447066276,
1178,2024-10-04 13:14:17+00:00,-1001447066276,
1177,2024-10-04 13:14:17+00:00,-1001447066276,
1176,2024-10-04 13:14:16+00:00,-1001447066276,
1175,2024-10-04 13:14:16+00:00,-1001447066276,"­Ъц▒рЅарІхрѕЁрѕе рІѕрѕірІх рїірІю рѕЮріЋ рѕЏрІѕрЅЁ ріарѕѕрЅЦрІјрЅх??

­ЪїИрЅђрІ░рѕЮрЅх рІерІхрѕЁрѕе рІѕрѕірІх рїірІю рЅарѕ┤рЅХрЅй рѕЁрІГрІѕрЅх рІЇрѕхрїЦ ріерІѕрѕірІх рЅаріІрѕІ рЅаріаріФрѕЇрЇБ рЅарѕхрѕюрЅ│рІі ріЦріЊ рЅарѕхріљ рѕЇрЅдріЊ рѕѕрІЇрїдрЅй рІерѕџрЅ│рІѕрЅЁ рІѕрѕ│ріЮ рѕЮрІЋрѕФрЇЇ ріљрІЇрЇб

­ЪњЂРђЇРЎђрЅ░ріерЅ│рІГ ріаріФрѕІрІі рѕѕрІЇрїдрЅйріЋ рЅарїЦрЅѓрЅ▒:-
┬а┬а┬а­ЪњФ рІерѕЏрѕЋрЇђріЋ рѕўрі«рѕЏрЅ░рѕГ┬а
┬а┬а ­ЪњФ┬а рІ░рѕЮ рѕўрЇЇрѕ░рѕх ріЦріЊ рѕјрЅ║рІФ┬а┬а
┬а┬а┬а ­ЪњФрІерІхрѕЁрѕе рІѕрѕірІх рѕЁрѕўрѕЮ ріЦріЊ рѕЮрЅЙрЅх рѕЏрїБрЅх

­ЪДЉРђЇ­ЪћгрІерѕЋріГрѕЮріЊ ріЦрѕГрІ│рЅ│ рѕўрЅ╝ рІФрѕхрЇѕрѕЇрїІрѕЇ?

­ЪїИрІеріаріЦрѕЮрѕ« рїцріЊрІјріЋ ріЦріЋрІ┤рЅх рІГріЋріерЅБріерЅА?

­ЪїИріарІ▓рѕх рІерЅ░рІѕрѕѕрІ░ рѕЇрїЁріЋ рѕѕрѕўріЋріерЅБріерЅЦ┬а рїцріЊрѕЏ рѕўрѕўрѕГрІФрІјрЅй рѕЮріЋрІхріЊрЅИрІЇ?

­ЪЎјРђЇРЎђрІерІхрѕЁрѕе рІѕрѕірІх ріЦріЋріГрЅЦріФрЅц ріЦріЊ рѕЮрѕГрѕўрѕФ рѕЮріЋ рІГрѕўрѕхрѕІрѕЇ?

­ЪњФріЦріљрІџрѕЁріЋ ріЦріЊ рѕїрѕјрЅй рїЦрІФрЅёрІјрЅйріЋ рѕўрѕЇрѕх рѕѕрѕЏрїЇріўрЅх ­ЪЉЅ­ЪЈЙріЦрІџрѕЁ рІГрїФріЉрЇб

­ЪњФрІерЅ┤рѕїрїЇрѕФрѕЮ рЅ╗ріЊрѕІрЅйріЋріЋ рѕѕрѕўрЅђрѕІрЅђрѕЇ ­ЪЉЅ­ЪЈЙ ріЦрІџрѕЁ рІГрїФріЉрЇб"
1172,2024-10-03 05:09:38+00:00,-1001447066276,
1171,2024-10-03 05:09:38+00:00,-1001447066276,"­ЪњАрЅарІџрѕЁ ріЦрѕЂрІх рЅарЅ┤рѕїрїЇрѕФрѕЮ рЅђрїЦрЅ│ рѕхрѕГрїГрЅх рІеріЦріЋрЅЁрѕЇрЇЇ рЅйрїЇрѕ«рЅй рІерѕџрІ│рѕхрѕх рІЇрІГрІГрЅх рІГрІўріЋ рЅђрѕГрЅаріЊрѕЇрЇб

­ЪЏїрІеріЦріЋрЅЁрѕЇрЇЇ рЅйрїЇрѕ«рЅй рЅарЅ░рѕѕрІФрІЕ рѕЮріГріЋрІФрЅХрЅй рѕірѕўрїА рІГрЅйрѕІрѕЅ ріеріЦріљрІџрѕЁрѕЮ рѕўріФріерѕЇ: 
­ЪЉЅ рѕЦрѕГ рІерѕ░рІ░рІ░ рѕЋрѕўрѕЮ
­ЪЉЅ рІеріаріЦрѕЮрѕ« рїцріЊ рїЅрІ│рІ«рЅй 
­ЪЉЅ рѕўрІ░рЅаріЏ рІФрѕЇрѕєріљ рІеріЦріЋрЅЁрѕЇрЇЇ рѕўрѕГрѕЃ рїЇрЅЦрѕГ
­ЪЉЅ ріаріФрЅБрЅбрІФрІі рѕЮріГріЋрІФрЅХрЅй 
­ЪЉЅ ріеріЦрІхрѕю рїІрѕГ рІерЅ░рїѕріЊріЎ рѕѕрІЇрїдрЅй 
­ЪЉЅ рѕўрІхрѕЃріњрЅХрЅй ріЦріЋрІ▓рѕЂрѕЮ рѕїрѕјрЅйріЋ рІФріФрЅхрЅ│рѕЇ

­ЪЌБріЦріЋрїЇрІ│рЅйріЋ:
­ЪЉЅ рІФрЇїрЅх ріерЇѕрѕѕріЮ (рЅаріарЅЦрѕГрѕєрЅх рІерѕхріљрІЊрІЋрѕЮрѕ« рѕЁріГрѕЮріЊ рЅ░рЅІрѕЮ рІерѕхріљ ріарІЋрѕЮрѕ« ріарѕЏріФрѕф )

­ЪЌЊріЦрѕЂрІх рѕўрѕхріерѕерѕЮ 26 2017

РЈ░ріерѕЮрѕйрЅ▒ 12 рѕ░рІЊрЅх (рЅарібрЅхрІ«рїхрІФ)

РџА№ИЈрІЇрІГрІГрЅ▒ріЋ рѕѕрѕўрЅђрѕІрЅђрѕЇ ріЦрІџрѕЁ рІГрїФріЉ 
­ЪЉЄ­ЪЉЄ­ЪЉЄ­ЪЉЄ­ЪЉЄ­ЪЉЄ­ЪЉЄ­ЪЉЄ
https://t.me/yetenaweg?livestream

РџА№ИЈрІерІЇрІГрІГрЅх рЅ╗ріЊрѕІрЅйріЋріЋ рѕѕрѕўрЅђрѕІрЅђрѕЇ ріЦрІџрѕЁ рІГрїФріЉ: https://t.me/+dl4juoncBxMyODVh"
1170,2024-10-02 10:33:05+00:00,-1001447066276,
1169,2024-10-02 07:04:03+00:00,-1001447066276,"РГљ№ИЈрЅ▓рЅб(рЅ▒рЅарѕГріЕрѕјрѕ▓рѕх) рѕЮріЋрІхріЋ ріљрІЇ?

­ЪњФрѕ│ріЋрЅБ ріљрЅђрѕГрѕ│ (рЅ▓рЅб)рЅарЅБріГрЅ┤рѕфрІФ рІерѕџріерѕ░рЅх рЅ░рѕІрѕІрЇі рЅарѕйрЅ│ рѕ▓рѕєріЋ рЅЦрІЎрІЇріЋ рїірІю рѕ│ріЋрЅБріЋ рІФрїарЅЃрѕЇ::

РГљ№ИЈрІерЅ▓рЅб рѕЮрѕЇріГрЅХрЅй┬а рЅарїЦрЅѓрЅ▒ рІерѕџріерЅ░рѕЅрЅхріЋ рІФріФрЅхрЅ│рѕЅ:
Рђб рѕерІўрѕЮ рѕІрѕѕ рїірІю рѕ│рѕЇ (ріаріЋрІ│ріЋрІх рїірІю рІ░рѕЮ рІерЅђрѕІрЅђрѕѕ ріаріГрЅ│)
Рђб рІерІ░рѕерЅх рѕЁрѕўрѕЮ
Рђб рІхріФрѕЮ
Рђб ріГрЅЦрІ░рЅх рѕўрЅђріљрѕх
Рђб рЅхріЕрѕ│рЅх
Рђб рІерѕЮрѕйрЅх рѕІрЅЦ ріЦріЊ
Рђб рІерѕЮрїЇрЅЦ рЇЇрѕІрїјрЅх рѕўрЅђріљрѕхрЇА

РГљ№ИЈрѕѕрЅарѕйрЅ│рІЇ рЅ░рїІрѕІрїГ рІерѕџрІФрІ░рѕГрїЅ рѕЂріћрЅ│рІјрЅй рѕЮріЋрІхріЊрЅИрІЇ?

­ЪњірѕЁріГрѕЮріЊрІЇ рѕЮріЋ рІГрѕўрѕхрѕІрѕЇ?

РГљ№ИЈрІерЅарѕйрЅ│рІЇ рѕўріерѕІріерІФ рѕўріЋрїѕрІХрЅй рѕЮріЋ рѕЮріЋ ріЊрЅИрІЇ?

­ЪїЪріЦріљрІџрѕЁріЋ ріЦріЊ рѕїрѕјрЅй рїЦрІФрЅёрІјрЅйріЋ рѕўрѕЇрѕх рѕѕрѕЏрїЇріўрЅх ­ЪЉЅ­ЪЈЙріЦрІџрѕЁ рІГрїФріЉрЇб

­ЪїЪрІерЅ┤рѕїрїЇрѕФрѕЮ рЅ╗ріЊрѕІрЅйріЋріЋ рѕѕрѕўрЅђрѕІрЅђрѕЇ ­ЪЉЅ­ЪЈЙ ріЦрІџрѕЁ рІГрїФріЉрЇб"
1168,2024-09-25 06:38:30+00:00,-1001447066276,
1167,2024-09-25 06:38:30+00:00,-1001447066276,
1166,2024-09-25 06:38:29+00:00,-1001447066276,
1165,2024-09-25 06:38:29+00:00,-1001447066276,
1164,2024-09-25 06:38:28+00:00,-1001447066276,"­ЪњЦ рїЅрѕГрѕЮрѕхріЊ­ЪњЦ

­ЪњЦрїЅрѕГрѕЮрѕхріЊ рѕЏрѕѕрЅх рЅаріарѕхрѕФрІјрЅ╣┬а рІеріЦрІхрѕю ріГрѕЇрѕЇ рѕўрїђрѕўрѕфрІФ рІЇрѕхрїЦ рІерѕџрїѕріЎ рѕЇрїєрЅй рІерѕџрІФрѕ│рІЕрЅх ріаріФрѕІрІіріЊ рѕхріљ рѕЇрЅдріЊрІі рѕѕрІЇрїЦ ріљрІЇ рЇб 
­ЪњЦрІГрѕЁ рїірІю рѕЇрїєрЅй рІѕрІ░ рІѕрїБрЅхріљрЅх рѕѕрѕЏрІ░рїЇ рІерѕџріЋрІ░рѕерІ░рѕЕрЅарЅх рЅЦрІЎ рІерЅБрѕЁрѕф рѕѕрІЇрїдрЅйріЋ рІерѕџрІФрѕхрЅ░ріЊрїЇрІ▒рЅарЅх рІѕрЅЁрЅх ріљрІЇрЇб 

­ЪЉЅрЅарїЅрѕГрѕЮрѕхріЊ рїірІю рІе рѕџрЅ│рІЕ рѕѕрІЇрїдрЅй рѕЮріЋ рѕЮріЋ ріЊрЅИрІЇ? 
­ЪЉЅрІерѕЇрїєрЅйріЊ рІерІѕрѕІрїєрЅй рїЇріЋріЎріљрЅх рѕЮріЋ рІГрѕўрѕхрѕІрѕЇ ? 
­ЪЉЅ рІѕрѕІрїєрЅй рѕѕрІџрѕЁ рѕѕрІЇрїЦ рѕЮріЋ ріарІГріљрЅх рѕЮрѕІрѕй рѕўрѕхрїарЅх ріарѕѕрЅБрЅИрІЇ?

­ЪћИ рѕѕрЅарѕѕрїа рѕўрѕерїЃ: ріЦрІџрѕЁ рІГрїФріЉ"
1163,2024-09-23 08:09:39+00:00,-1001447066276,
1162,2024-09-23 08:09:39+00:00,-1001447066276,
1161,2024-09-23 08:09:38+00:00,-1001447066276,"рІЊрѕѕрѕЮ ріарЅђрЇЇ рІерѕЮрѕЇріГрЅх рЅІріЋрЅІ рЅђріЋ рѕўрѕхріерѕерѕЮ 13 рЅђріЋ рЅарѕўрѕІрІЇ рІЊрѕѕрѕЮ рЅ░ріерЅЦрѕ« рІГрІЇрѕІрѕЇрЇб

рЅарІџрѕЁ рЅђріЋ рѕўрѕхрѕЏрЅх рІерЅ░рѕ│ріЊрЅИрІЇ рІѕрїѕріќрЅйрІјріЋ рѕўрІ░рїѕрЇЇрЇБ рѕѕрѕ░рЅЦріарІі рѕўрЅЦрЅХрЅ╗рЅИрІЇ рѕўрѕЪрїѕрЅх ріЦріЊ рѕѕрѕЮрѕЇріГрЅх рЅІріЋрЅІ рІхрїІрЇЇрІјріЋ рѕЏрѕ│рІерЅх ріарІГрѕГрѕ▒рЇб

рІерїцріЊ рІѕрїЇ рІГрѕЁріЋріЋ рЅђріЋ ріЦріљрІџрѕЁріЋ рЅарѕЋріГрѕЮріЊ рѕІрІГ рІерѕџрІўрІѕрЅ░рѕЕ рІерѕЮрѕЇріГрЅх рЅІріЋрЅІрІјрЅй рЅарѕўрѕѕрѕЏрѕўрІх ріЦріЋрІ▓рІФріерЅЦрѕЕ рІГрїІрЅЦрІЮрІјрЅ│рѕЇрЇб"
1160,2024-09-11 07:46:56+00:00,-1001447066276,ріЦріЋрі│ріЋ рѕѕріарІ▓рѕ▒ рІЊрѕўрЅх рЅарѕ░рѕІрѕЮ ріарІ░рѕерѕ│рЅйрѕЂрЇб
1159,2024-09-04 19:09:47+00:00,-1001447066276,
1158,2024-09-04 19:09:46+00:00,-1001447066276,"#рї│рїЅрѕюріЋ_рѕѕрЅарїј 

­ЪЕИрІ░рѕЮ ріЦріЋрѕѕрїЇрѕх­ЪЕИрЇБ 
­ЪФђрѕЋрІГрІѕрЅхріЋ ріЦріЋрЅ│рІ░рїЇ!

­ЪЊЁрІерїцріЊ рІѕрїЇ ріарѕўрЅ│рІі рІерІ░рѕЮ рѕЇрїѕрѕ│ рЇЋрѕ«рїЇрѕФрѕЮ рї│рїЅрѕю 3 ріЦріЊ 4рЇБ ріерЅЦрѕћрѕФрІі рІерІ░рѕЮ рЅБріЋріГ ріарїѕрѕЇрїЇрѕјрЅх рїІрѕГ рЅарѕўрЅ░рЅБрЅарѕГ
­ЪЕИріЦрІФріЋрІ│ріЋрІ▒ рїарЅЦрЅ│ рІІрїІ ріарѕѕрІЇрЇБ рІеріЦрѕГрѕхрІј рѕЇрїѕрѕ│ рѕЁрІГрІѕрЅхріЋ рѕірІФрІхріЋ рІГрЅйрѕІрѕЇрЇб­ЪЕИ

­ЪЈФ ­ЪЊІРюЈ№ИЈ­ЪЊџРюњ№ИЈ рІ░рѕЮ рѕўрѕѕрїѕрѕх рЅБрІГрЅйрѕЅ рѕѕрѕхрѕѕріЦріЊрЅх рІерЅарїј ріарІхрѕФрїјрЅх рІхрѕГрїЁрЅх рѕЇрїєрЅй рІерЅхрѕЮрѕЁрѕГрЅх рЅЂрѕ│рЅЂрѕХрЅйріЋ  рЅарѕўрѕѕрїѕрѕх ріарѕхрЅ░рІІрЇЁрід рІФрІхрѕГрїЅрЇб­ЪЎї­ЪЈЙ 

­ЪЊЇріарІхрѕФрѕ╗: рЅЦрѕћрѕФрІі рІерІ░рѕЮ рЅБріЋріГ рІІріЊ рѕўрѕхрѕфрІФ рЅцрЅх рїцріЊ рїЦрЅарЅЃ рѕџріњрѕхрЅ┤рѕГ рїЇрЅб ріарїарїѕрЅЦ  ­ЪЌ║"
1157,2024-08-26 17:29:14+00:00,-1001447066276,"­ЪЊЇрЅ▓ріЋрІФ (рЅєрѕерЅєрѕГ рЇБ рїГрѕГрЅх рЇБ рїЦрЇЇрѕе рѕўрїЦрѕЮрїЦ )

РќФ№ИЈрЅ▓ріЋрІФ рІерЇѕріЋрїѕрѕх┬а рібріЋрЇїріГрѕйріЋ┬а ріарІГріљрЅх рѕ▓рѕєріЋ рЅарІІріЊріљрЅх рЅєрІ│ріЋ рЇБ рЇђрїЅрѕГріЋ ріЦріЊ рїЦрЇЇрѕГріЋ рІФрїарЅЃрѕЇ::

­Ъћ╗рѕѕрЅарѕйрЅ│рІЇ рЅ░рїІрѕІрїГ рІерѕџрІФрІ░рѕГрїЅ рѕЂріћрЅ│рІјрЅй рѕЮріЋрІхріЊрЅИрІЇ?

­ЪЉЅ­ЪЈй рІГрѕЁ рІерЅєрІ│ рЅарѕйрЅ│ рѕЏріЋріЏрІЇріЋрѕЮ рѕ░рІЇ рѕірІФрїарЅЃ рІГрЅйрѕІрѕЇ рЇб ріљрїѕрѕГ рїЇріЋ рЅарІГрЅарѕЇрїЦ рЅарѕйрЅ│ріЋ рІерѕўріерѕІріерѕЇ ріарЅЁрѕЮ рІерѕџрІФрІ░ріГрѕЎ рѕЁрѕўрѕърЅй рІФрѕѕрЅБрЅИрІЇ рѕ░рІјрЅйріЋ рЅарІГрЅарѕЇрїЦ рѕірїјрІ│ рІГрЅйрѕІрѕЇ рЇб
ріерІџрѕЁ рЅарЅ░рїерѕЏрѕф 
­ЪЉЅ­ЪЈй рІЮрЅЁрЅ░ріЏ рІеріЉрѕ« рѕЁріћрЅ│ рЇБ ріЦрІхрѕю рЇБ 
­ЪЉЅ­ЪЈй рІерЅ░рЇІрЇѕрїѕ ріЦріЊ рѕ░рІЇ рІерЅарІЏрЅарЅх рІеріЉрѕ« рѕЂріћрЅ│ рЇБ рІерїЇрѕЇ ріЋрѕЁрїйріЊріЋ рІФрѕѕрѕўрїарЅарЅЁ      
­ЪЉЅ­ЪЈй рІерѕ░рІЇріљрЅх рЅарѕйрЅ│ рІерѕўріерѕІріерѕЇ 
ріарЅЁрѕЮ рІерѕџрЅђріЋрѕ▒ рѕўрІхрѕЃріњрЅХрЅйріЋ рѕўрїарЅђрѕЮ

­Ъћ║рІерЅ▓ріњрІФ рЇѕріЋрїѕрѕх ріарІГріљрЅХрЅй рЅарїЦрЅѓрЅ▒

РќФ№ИЈ┬арЅ▓ріЋрІФ ріФрЇњрЅ░рѕх(рЅєрѕерЅєрѕГ):-рЅарЇђрїЅрѕГ рѕІрІГ рІерѕџріерѕ░рЅх
┬аРќФ№ИЈрЅ▓ріЋрІФ рі«рѕГрЇќрѕфрѕх(рїГрѕГрЅх):-рЅарѕ░рІЇріљрЅх рЅєрІ│ рѕІрІГ рІерѕџріерѕ░рЅх
РќФ№ИЈрЅ▓ріЋрІФ рЇћрІ▓рѕх :- рЅаріЦрїЇрѕГ рѕІрІГ рІерѕџріерѕ░рЅх
РќФ№ИЈрЅ▓ріЋрІФ рЇІрѕ╝ :- рІерЇірЅх рЅєрІ│ріЋ рІерѕџрІФрїарЅЃ┬а 
РќФ№ИЈрЅ▓ріЋрІФ ріаріЋрїЅрІерѕЮ РђЊ рїЦрЇЇрѕе рѕўрїЦрѕЮрїЦ 
РќФ№ИЈрЅ▓ріЋрІФ ріГрѕЕрѕфрѕх :-рІГрѕЁрѕЮ рЅарїГріЋ ріЦріЊ рЅарЅЦрѕЇрЅх ріаріФрЅБрЅб рІерѕџрїѕріЮ

­Ъћ╗рІерЅ▓ріЋрІФ рѕЮрѕГрѕўрѕФ ріЦріЊ рѕЁріГрѕЮріЊ рѕЮріЋ рІГрѕўрѕхрѕІрѕЇ?

­Ъћ║рІерЅарѕйрЅ│рІЇ рѕўрЅ░рѕІрѕѕрЇірІФріЊ рѕўріерѕІріерІФ рѕўріЋрїѕрІХрЅй рѕЮріЋрІхріЊрЅИрІЇ?

РЎд№ИЈріЦріљрІџрѕЁріЋ ріЦріЊ рѕїрѕјрЅй рїЦрІФрЅёрІјрЅйріЋ рѕўрѕЇрѕх рѕѕрѕЏрїЇріўрЅх ­ЪЉЅ­ЪЈЙріЦрІџрѕЁ рІГрїФріЉрЇб

РЎд№ИЈрІерЅ┤рѕїрїЇрѕФрѕЮ рЅ╗ріЊрѕІрЅйріЋріЋ рѕѕрѕўрЅђрѕІрЅђрѕЇ ­ЪЉЅ­ЪЈЙ ріЦрІџрѕЁ рІГрїФріЉрЇб"
1156,2024-08-21 21:45:26+00:00,-1001447066276,https://t.me/boost/yetenaweg
1155,2024-08-21 10:20:11+00:00,-1001447066276,
1154,2024-08-21 10:20:11+00:00,-1001447066276,
1153,2024-08-21 10:20:10+00:00,-1001447066276,
1152,2024-08-21 10:20:09+00:00,-1001447066276,
1151,2024-08-21 10:20:09+00:00,-1001447066276,"­ЪњЦ рЅЁрІхрѕў ріЦрѕГрїЇрІЮріЊ ріГрЅхрЅхрѕЇ рѕЏрѕѕрЅх ріаріЋрІ▓рЅх рѕ┤рЅх ріерѕЏрѕГрїѕрІЪ рЅарЇірЅх рѕхрѕѕ ріарїарЅЃрѕІрІГ рІеріЦрѕГрїЇрІЮріЊрІЇ рѕњрІ░рЅхріЊ рѕіріерѕ░рЅ▒ рѕхрѕѕрѕџрЅйрѕЅ рѕЂріЊрЅ┤рІјрЅй рЅарїЦрѕЇрЅђрЅх рІерѕЮрЅхрѕерІ│рЅарЅх рїірІю ріљрІЇрЇб

­ЪЉЅрІГрѕЁ рѕѓрІ░рЅх рѕѕрѕФрѕхріЊ рѕѕрѕџрІѕрѕѕрІ░рІЇ рѕЇрїЁ рїцріЋріљрЅх рІѕрѕ│ріЮ ріљрІЇрЇб

­ЪЉЅ рІерЅЁрІхрѕў ріЦрѕГрїЇрІЮріЊ ріГрЅхрЅхрѕЇ рѕЮріЋ рѕЮріЋ рІФріФрЅхрЅ│рѕЇ?┬а 

­ЪЉЅрЅЁрІхрѕў ріЦрѕГрїЇрІЮріЊ ріГрЅхрЅхрѕЇ ріарѕІрѕЏрІЇріЊ рїЦрЅЁрѕЎ рѕЮріЋрІхріљрІЇ?

­ЪћИрѕхрѕѕ рЅЁрІхрѕў ріЦрѕГрїЇрІЮріЊ ріГрЅхрЅхрѕЇ рІЮрѕГрІЮрѕГ рѕўрѕерїЃрІјрЅй рѕѕрѕЏрїЇріўрЅх ріЦрІџрѕЁ рІГрїФріЉ 

­ЪћИ рѕѕрЅарѕѕрїа рѕўрѕерїЃ 
https://yetenaweg.com/"
1150,2024-08-19 16:25:15+00:00,-1001447066276,
1149,2024-08-19 16:25:15+00:00,-1001447066276,рѕЁріГрѕЮріЊрІЇ ріЦріЊ рѕўріерѕІріерІФ рѕўріЋрїѕрІХрЅ╣ рѕЮріЋ рІГрѕўрѕхрѕІрѕЅ ?
1148,2024-08-19 16:24:22+00:00,-1001447066276,"рІерІЮріЋрїђрѕ« рЇѕріЋрїБрїБ ріЦріЋрІ┤рЅх ріеріаріЋрІх рѕ░рІЇ рІѕрІ░ рѕїрѕІ рІГрЅ░рѕІрѕѕрЇІрѕЇ ? 
рІГрѕЁріЋ рѕЏрІѕрЅЁ рѕФрѕхріЋ ріерЅарѕйрЅ│ рѕѕрѕўріерѕІріерѕЇ рІГрѕерІ│рѕЇ"
1147,2024-08-19 16:22:35+00:00,-1001447066276,рЅарІЮріЋрїђрѕ« рЇѕріЋрїБрїБ рІхріЋрїѕрЅх рЅбрІФрІЎрЇБ рЅарѕйрЅ│рІЇ рѕЮріЋ рІФрѕЁрѕЇ ріарѕхрїі ріљрІЇ?
1146,2024-08-19 16:19:25+00:00,-1001447066276,
1145,2024-08-19 16:19:25+00:00,-1001447066276,рІерІЮріЋрїђрѕ« рЇѕріЋрїБрїБ рѕЮрѕЇріГрЅХрЅйріЋ рІФрІЇрЅЃрѕЅ?
1142,2024-08-19 15:57:04+00:00,-1001447066276,
1141,2024-08-19 15:57:03+00:00,-1001447066276,
1140,2024-08-19 15:57:03+00:00,-1001447066276,
1139,2024-08-19 15:57:02+00:00,-1001447066276,
1138,2024-08-19 15:57:02+00:00,-1001447066276,
1137,2024-08-19 15:57:01+00:00,-1001447066276,
1136,2024-08-19 15:57:01+00:00,-1001447066276,
1135,2024-08-19 15:57:00+00:00,-1001447066276,"­ЪїЇРџа№ИЈрІерІЮріЋрїђрѕ« рЇѕріЋрїБрїБ рЅарѕйрЅ│ ріарѕЂріЋ ріарѕ│рѕ│рЅб рІеріарѕѕрѕЮ рІерїцріЊ рїЅрІ│рІГ ріљрІЇ! рЅарЇЇрїЦріљрЅх ріЦрІерЅ░рѕхрЇІрЇІ ріљрІЇ ріЦріЊ рЅхріЕрѕерЅ│рЅйріЋріЋ рІГрЇѕрѕЇрїІрѕЇрЇб Рџа№ИЈ­ЪїЇ

­ЪЊџрІГрѕЁріЋріЋ рЅарѕйрЅ│ рѕѕрѕўрѕерІ│рЅх ріЦріЋрІ▓рѕерІ│рІј рІерЅ░рІўрїІрїђрІЇріЋ ріарїГрѕГ рѕўрѕерїЃ рІФріЋрЅЦрЅАрЇб

­ЪћЇ рІерІЮріЋрїђрѕ« рЇѕріЋрїБрїБ рѕЮріЋрІхріЋ ріљрІЇ?
­ЪћёріЦріЋрІ┤рЅх ріљрІЇ рІерѕџрЅ░рѕІрѕѕрЇѕрІЇ
Рџа№ИЈрѕЮрѕЇріГрЅХрЅ╣ рѕЮріЋрІхріЋ ріЊрЅИрІЇ?
­ЪЕ║рЅарѕйрЅ│рІЇ ріЦріЋрІ┤рЅх рІГрЅ│рІѕрЅЃрѕЇ? ріЦріЋрІ┤рЅхрѕх рІГрЅ│ріерѕЏрѕЇ?
­ЪЏА ріЦріЋрІ┤рЅх рѕўріерѕІріерѕЇ рІГрЅ╗рѕІрѕЇ?

­ЪДарѕхрѕѕ  рЅарѕйрЅ│рІЇ рЅарЅѓ ріЦрІЇрЅђрЅх рІГріЉрѕ«рЅхрЇБ ріЦрѕФрѕхрІјріЋ ріЦріЊ рѕїрѕјрЅйріЋ рІГрїарЅЦрЅЂ!

РюЇ№ИЈ рІГрѕЁ рЇЁрѕЂрЇЇ рІерЅ░рЇЃрЇѕрІЇ рІе2022 рІерїцріЊ рІѕрїЇ рІерЇЁрѕЂрЇЇ рІЇрІхрІхрѕГ рѕІрІГ рЅ░рѕ│рЅ│рЇі рЅаріљрЅарѕерЅйрІЇ рІ«рІ▓рЅх рЅарѕІрІГрѕЂріЋ ріљрІЇрЇб"
1134,2024-08-18 13:36:05+00:00,-1001447066276,ріерїцріЊ рїЦрЅарЅЃ рѕџріњрѕхрЅ┤рѕГ
1133,2024-08-15 00:54:01+00:00,-1001447066276,"рЅарібрЅхрІ«рїхрІФ ріЦрѕхріФрѕЂріЋ рІхрѕерѕх рЅарІЮріЋрїђрѕ« рЇѕріЋрїБрїБ (MPox) рЅарѕйрЅ│ рІерЅ░рІФрІў рѕ░рІЇ рІерѕѕрѕЮрЇб 
___

рЅарѕђрїѕрѕФрЅйріЋ ріЦрѕхріФрѕЂріЋ рІхрѕерѕх рЅарІЮріЋрїђрѕ« рЇѕріЋрїБрїБ (MPox) рІерЅ░рїарѕерїарѕерѕЮ рѕєріљ рІерЅ░рѕерїІрїѕрїа рЅ│рѕЏрѕџ ріЦріЋрІ░рѕїрѕѕ ріЦрІерїѕрѕѕрЇЁріЋрЇц рІерІЮріЋрїђрѕ« рЇѕріЋрїБрїБ (MPox) рЅарѕйрЅ│ рЅарІЮріЋрїђрѕ« рЇѕріЋрїБрїБ рЅФрІГрѕерѕх ріарѕЏріФріЮріљрЅх рІерѕџрѕўрїБ рѕ▓рѕєріЋ рЅарІѕрѕерѕГрѕйріЮ рѕўрѕЇріГ рѕіріерѕ░рЅх рІерѕџрЅйрѕЇ рЅарѕйрЅ│ ріљрІЇрЇАрЇА ріерЅарѕйрЅ│рІЇрѕЮ рѕЮрѕЇріГрЅХрЅй рІЇрѕхрїЦ ріЦріЋрІ░ рЅхріЕрѕ│рЅхрЇБ рѕФрѕх рѕЮрЅ│рЅхрЇБ рІерІЋрїб ріЦрЅЦрїарЅхрЇБ рІерїАріЋрЅ╗ ріЦріЊ рІерїђрѕГрЅБ рѕЁрѕўрѕЮрЇБ рѕйрЇЇрЅ│рЇБ рІерЅєрІ│ рЅЂрѕхрѕѕрЅх ріЦріЋрІ▓рѕЂрѕЮ рІеріарЅЁрѕЮ рѕЏрїБрЅх рІГрїѕріЎрЅарЅ│рѕЇрЇАрЇА

рЅарЅхрѕІріЋрЅхріЊрІЇ рІЋрѕѕрЅх рІеріарЇЇрѕфріФ рІерЅарѕйрЅ│рІјрЅй рѕўріерѕІріерІФріЊ рѕўрЅєрїБрїарѕфрІФ рѕЏрІЋріерѕЇ рЅБрІѕрїБрІЇ рѕўрїЇрѕѕрїФ рѕўрѕ░рѕерЅх рЅа13 рІеріарЇЇрѕфріФ рѕђрїѕрѕФрЅхрЇБ 2,863 рѕ░рІјрЅй рЅарЅарѕйрЅ│ рѕўрІФрІЏрЅИрІЇ ріЦріЊ 517 рѕ░рІјрЅй рѕѕрѕЁрѕЇрЇѕрЅх рѕўрІ│рѕерїІрЅИрІЅ рѕўрѕерїІрїѕрїА рІерЅ░рїѕрѕѕрЇђ рѕ▓рѕєріЋ рЅарѕйрЅ│рІЅрѕЮ рІерѕЁрЅЦрѕерЅ░рѕ░рЅЦ рїцріЊ ріарѕЁрїЅрѕФрІі рІ░рѕЁріЋріљрЅх рѕхрїІрЅх рѕўрѕєріЉріЋ рЅарѕўрїЦрЅђрѕх рІерЅарѕйрЅ│рІЇріЋ рѕхрѕГрїГрЅх рѕѕрѕўріерѕІріерѕЇ рІерѕЂрѕЅрѕЮ рІеріарЇЇрѕфріФ рѕЃрїѕрѕФрЅх рІерїІрѕФ ріЦрѕГрѕЮрїЃріЋ рІерѕџрїарІГрЅЁ рѕўрѕєріЉ рЅ░рїарЅЂрѕЪрѕЇрЇб

рІерїцріЊ рѕџріњрѕ░рЅ┤рѕГ ріерібрЅхрІ«рїхрІФ рІерѕЋрЅЦрѕерЅ░рѕ░рЅЦ рїцріЊ рібріЋрѕхрЅ▓рЅхрІЕрЅх ріЦріЊ ріерЅ░рѕѕрІФрІЕ рЅБрѕѕрІхрѕГрѕ╗ ріаріФрѕІрЅх рїІрѕГ рЅарѕўрЅ░рЅБрЅарѕГ рІерЅ░рѕѕрІФрІЕ рІерѕЋрЅЦрѕерЅ░рѕ░рЅЦ рїцріЊ ріарІ░рїІрІјрЅйріЋ рІерЅЁрІхрѕў рІЮрїЇрїЁрЅхрЇБ рІерЅЁріЮрЅх ріЦріЊ рІерѕЮрѕІрѕй ріЦріЋрІ▓рѕЂрѕЮ рІерІхріЋрЅарѕГ рїцріЊ рѕЇрІерЅ│ ріЦріЊ ріарїѕрѕЇрїЇрѕјрЅх рѕхрѕФрІјрЅйріЋ рІерѕЋрЅЦрѕерЅ░рѕ░рЅЦ рїцріЊ ріарІ░рїІрІјрЅй рѕЏрѕхрЅ░рЅБрЅарѕфрІФ ріЦріЊ рѕЮрѕІрѕй рѕЏрІЋріерѕЇ рЅарѕЏрЅІрЅІрѕЮ ріЦрІерѕ░рѕФ рѕ▓рѕєріЋ рЅарЅ░рѕѕрІГрѕЮ рІ░рїЇрѕъ рЅарігріЋрІФ ріарІІрѕ│ріЮ рѕХрѕхрЅх ріГрѕЇрѕјрЅй рѕЏрѕѕрЅхрѕЮ рЅарідрѕ«рѕџрІФрЇБ рЅарѕХрѕЏрѕї ріЦріЊ рЅарІ░рЅАрЅЦ рібрЅхрІ«рїхрІФ ріГрѕЇрѕјрЅй рЅарѕџрїѕріЎ рІерѕўрІЅрїФріЊ рѕўрїЇрЅбрІФ рігрѕІрІјрЅй ріЦріЋрІ▓рѕЂрѕЮ рЅарЅдрѕї ріарѕѕрѕЮ ріарЅђрЇЇ ріарІерѕГ рѕўріЋрїѕрІх рѕІрІГ ріерІѕрЅхрѕ«рІЇ рЅарЅ░рїаріЊріерѕе рѕЂріћрЅ│ рІерЅЁріЮрЅх ріЦріЊ рІерѕЇрІерЅ│ рѕхрѕФрІјрЅйріЋ ріЦрІерЅ░рїѕрЅарѕе рІГрїѕріЏрѕЇрЇАрЇА  

рЅарѕйрЅ│рІЇ рЅарЅђрїЦрЅ│ ріерѕ░рІЇ рІѕрІ░ рѕ░рІЇ рЅаріЋріГріф рІерѕџрЅ░рѕІрѕѕрЇЇ ріЦріЋрІ░рѕўрѕєріЉ рѕўрїаріЋ ріерѕІрІГ рІерЅ░рїарЅђрѕ▒рЅхріЋ рѕЮрѕЇріГрЅХрЅй рІерѕџрІФрѕ│рІГ рѕЏріЋріЏрІЅрѕЮ рѕ░рІЅ рЅарѕџрїѕріЮрЅарЅх рїірІю рЅаріарЅЁрѕФрЅбрІФ рІѕрІ░рѕџрїѕріЮ рІерїцріЊ рЅ░рЅІрѕЮ рѕфрЇќрѕГрЅх ріЦріЋрІ▓рІФрІ░рѕГрїЇ рІѕрІГрѕЮ рЅа952 ріЦріЊ 8335 ріљрї╗ рІерѕхрѕЇріГ рѕўрѕхрѕўрѕГ рїЦрЅєрѕЏ ріЦріЋрІ▓рІ░рѕерїЇ ріЦрІФрѕ│рѕхрЅЦріЋ рѕЂрѕЅрѕЮ ріаріФрѕІрЅх рѕіріерЅ░рѕЈрЅИрІЇ рІерѕџрїѕрЅА рѕѓрІ░рЅХрЅйріЋ ріЦріЊ рІерїЦріЋрЅЃрЅё ріЦрѕГрѕЮрїЃрІјрЅйріЋ ріарѕхрѕўрѕЇріГрЅХ рЅарЅЁрѕГрЅА рІЮрѕГрІЮрѕГ рѕўрїЇрѕѕрїФ ріЦріЋрѕ░рїБрѕѕріЋрЇб

Website: moh.gov.et
Facebook: Ministry of Health, Ethiopia
Twitter: x.com/fmohealth
YouTube: @FMoHealthEthiopia
Tiktok: @mohethiopia"
1132,2024-08-11 16:48:45+00:00,-1001447066276,
1131,2024-08-11 15:01:05+00:00,-1001447066276,
1130,2024-08-05 17:36:11+00:00,-1001447066276,
1129,2024-08-05 17:34:31+00:00,-1001447066276,
1128,2024-08-05 16:40:39+00:00,-1001447066276,
1127,2024-08-05 16:40:39+00:00,-1001447066276,"­ЪїђрІерїцріЊ рІѕрїЇ рЅарІџрѕЁ ріЦрѕЂрІх рІерЇіріЋрїбрїБ ріаріФрЅБрЅб рѕЁрѕўрѕЮ рЅарѕџрѕЇ рѕГрІЋрѕх ріарІ▓рѕх рІЇрІГрІГрЅх рІГрІъ рЅђрѕГрЅДрѕЇрЇб

­ЪњЦріаріЋрІ│ріЋрІх рІерЅ░рѕѕрѕўрІ▒ рІерЇіріЋрїбрїБ ріаріФрЅБрЅб рѕЁрѕўрѕЮ рѕўріЋрѕхріцрІјрЅй рѕёрѕърѕ«рІГрІхрѕхрЇБ рІерЇіріЋрїбрїБ рѕўрѕ░ріЋрїарЅЁрЇБ рІерѕєрІх рІхрѕГрЅђрЅхрЇБ рІерЇіріЋрїбрїБ ріФріЋрѕ░рѕГ ріЦріЋрІ▓рѕЂрѕЮ рІеріарЅБрѕІрІўрѕГ рЅарѕйрЅ│рІјрЅй рІерЅ░рІѕрѕ░ріЉрЅх ріЊрЅИрІЇрЇб

­ЪЊЇрЅарЅ┤рѕїрїЇрѕФрѕЮ рЅђрїЦрЅ│ рѕхрѕГрїГрЅх (Telegram live)

­ЪЌБріЦріЋрїЇрІ│рЅйріЋ:
­ЪЉЅрІХ/рѕГ рЅбріњрІФрѕЮ рІ«рѕЃріЋрѕх (рЅарЅЁрІ▒рѕх рї╗рІЇрѕјрѕх рѕєрѕхрЇњрЅ│рѕЇ рІерїарЅЁрѕІрѕІ ріЦріЊ рІеріаріЋрїђрЅх рЅђрІХ рѕЁріГрѕЮріЊ рѕхрЇћрѕ╗рѕірѕхрЅх)
­ЪЉЅрІХ/рѕГ рѕ░рѕѕрѕъріЋ рЅарЅђрѕѕ (рЅаріа.ріа рІерїцріЊ рѕ│рІГріЋрѕх рі«рѕїрїЁ рІерїарЅЁрѕІрѕІ ріЦріЊ рІеріаріЋрїђрЅх рЅђрІХ рѕЁріГрѕЮріЊ рѕхрЇћрѕ╗рѕірѕхрЅх ріЦріЊ рІерЅђрІХ рѕЁріГрѕЮріЊ рѕерІ│рЅх рЇЋрѕ«рЇїрѕ░рѕГ)

­ЪЌЊріЦрѕЂрІх ріљрѕЃрѕ┤ 5 2016

РЈ░ріерѕЮрѕйрЅ▒ 12 рѕ░рІЊрЅх (рЅарібрЅхрІ«рїхрІФ)

РџА№ИЈрІЇрІГрІГрЅ▒ріЋ рѕѕрѕўрЅђрѕІрЅђрѕЇ ріЦрІџрѕЁ рІГрїФріЉ
https://t.me/yetenaweg?livestream

РџА№ИЈрІерІЇрІГрІГрЅх рЅ╗ріЊрѕІрЅйріЋріЋ рѕѕрѕўрЅђрѕІрЅђрѕЇ ріЦрІџрѕЁ рІГрїФріЉ: ­ЪЉЅhttps://t.me/+dl4juoncBxMyODVh"
1126,2024-08-03 08:14:40+00:00,-1001447066276,"­ЪњЦрІерѕйріЋрЅх рЅДріЋрЅД рібріЋрЇїріГрѕйріЋ ріаріЊ рІеріЕрѕІрѕірЅх рїарїарѕГ 

­ЪЉЅ рІерѕйріЋрЅх рЅДріЋрЅД рібріЋрЇїріГрѕйріЋ ріаріЊ рІеріЕрѕІрѕірЅх рїарїарѕГ рѕЮріЋріљрЅх рІФрІЇрЅЃрѕЅ? рѕўріЋрѕхріц ріЦріЊ ріарїІрѕІрїГ рѕЂріћрЅ│рІјрЅ╣ріЋрѕх рІФрІЇрЅЃрѕЅ? 

­ЪњЦ рІерїцріЊ рІѕрїЇ ріерІџрѕЁ рЅђрІ░рѕЮ┬арѕхрѕѕ рІерѕйріЋрЅх рЅДріЋрЅД рібріЋрЇїріГрѕйріЋ ріаріЊ рІеріЕрѕІрѕірЅх рїарїарѕГ рІФрІ░рѕерїЇріљрІЇріЋ рІЇрІГрІГрЅх ріарѕЂріЋ рЅарЅ┤рѕїрїЇрѕФрѕЮ рЅ╗ріЊрѕІрЅйріЋ рѕІрІГ рІФрІ│рѕЮрїАрЇб

РюеріЦріЋрїЇрІ│рЅйріЋ:
рІХ/рѕГ рѕ░рІГрЇѕ рЅарЅђрѕѕ рїЦрѕІрѕЂріЋ

­ЪњЦрѕхрѕѕ ріЕрѕІрѕірЅх рїарїарѕГ ріЦріЊ рІерѕйріЋрЅх рЅДріЋрЅД рібріЋрЇїріГрѕйріЋ рѕѕрѕЏрІѕрЅЁ рІГрѕЁріЋріЋ рІЇрІГрІГрЅх ріЦріЋрїІрЅЦрІЮрІјрЅ│рѕѕріЋрЇб"
1125,2024-07-29 06:30:42+00:00,-1001447066276,"­ЪњЦ  рѕёрЇЊрЅ│рІГрЅ░рѕх рЅФрІГрѕерѕх рїЅрЅарЅхріЋ рЅарЅЦрІЏрЅх рІерѕџрІФрїарЅЃ рібріЋрЇїріГрѕйріЋ ріљрІЇрЇб  

Ръб┬а рІерѕџріерѕ░рЅ░рІЇ ріеріарѕЮрѕхрЅ▒ рІерЅФрІГрѕерѕх рІѕріфрѕјрЅй рЅаріаріЋрІ▒ ріљрІЇрЇА- HAVрЇБ HBVрЇБ HCVрЇБ ріеріцрЅй.рЅб.рЅф рїІрѕГ рІерЅ░рїѕріЊріў рІ┤рѕЇрЅ│ рІѕріфрѕЇ рІѕрІГрѕЮ HDVрЇБ ріЦріЊ HEVрЇб

 РюЇРюЇ рІерІўріЋрІхрѕ«рІЇ рІеріарѕѕрѕЮ рІерїЅрЅарЅх рЅђріЋ  РђюрІеріЦрѕГрѕЮрїЃ рїірІюрІЇ ріљрІЇ "" рЇб рЅарѕџрѕЇ рѕўрѕф рЅЃрѕЇ рІГріерЅарѕФрѕЇрЇб

­ЪЉЅрЅарЅарѕйрЅ│рІЇ рѕІрѕѕрѕўрІФрІЮ рѕЏрІхрѕерїЇ рІФрѕЅрЅЦріЋ рЅЁрІхрѕў рїЦріЋрЅЃрЅёрІјрЅй рѕЮріЋрІхріЊрЅИрІЇ?

­ЪЉЅрѕёрЇќрЅ│рІГрЅ░рѕх ріГрЅхрЅБрЅх ріЦріЋрІ│рѕѕрІЇ рІФрІЇрЅЃрѕЅ?

­ЪћИрѕхрѕѕ рѕёрЇЊрЅ│рІГрЅ░рѕх рЅарЅѓ рѕўрѕерїЃ рѕѕрѕЏрїЇріўрЅх 
https://yetenaweg.com/%E1%88%84%E1%8D%90%E1%89%B3%E1%8B%AD%E1%89%B0%E1%88%B5hepatitis/

­ЪћИрѕѕрЅарѕѕрїа рѕўрѕерїЃ:┬а https://yetenaweg.com/"
1124,2024-07-28 17:01:56+00:00,-1001447066276,
1123,2024-07-28 15:05:56+00:00,-1001447066276,рЅ░рїђрѕЮрѕ»рѕЇ !!
1122,2024-07-28 14:57:39+00:00,-1001447066276,
1121,2024-07-22 09:10:12+00:00,-1001447066276,
1120,2024-07-22 09:10:11+00:00,-1001447066276,"­ЪњЦрЅарІџрѕЁ ріЦрѕЂрІх рЅарЅ┤рѕїрїЇрѕФрѕЮ рЅђрїЦрЅ│ рѕхрѕГрїГрЅх!! 

рІерїцріЊ рІѕрїЇ ­ЪњФрІерѕ┤рЅх рѕЇрїЁ рѕЏрѕерїЦ­ЪњФ рЅарѕџрѕЇ рѕГрІЋрѕх┬а рїарЅЃрѕџ рІЇрІГрІГрЅх рІГрІўріЋ рЅђрѕГрЅаріЊрѕЇрЇб

­ЪњАрѕЏрѕерїЦ рІерѕ┤рЅХрЅй рІерІѕрѕГ ріарЅарЅБ рІЉрІ░рЅх рЅарЅІрѕџріљрЅх рІерѕџрІФрЅІрѕГрїЦрЅарЅх рЅ░рЇѕрїЦрѕ»рІі рѕѓрІ░рЅх рѕ▓рѕєріЋ рЅарЅ░рѕѕрѕЮрІХ ріе 45 ріЦрѕхріе 55 рІЊрѕўрЅх рЅБрѕѕрІЇ рїірІю рІЇрѕхрїЦ рІГріерѕ░рЅ│рѕЇрЇб

­ЪЉЅрѕЮрѕЇріГрЅХрЅ╣ рѕЮріЋрІхріЋ ріЊрЅИрІЇ?
­ЪЉЅрѕўріЋрѕхріцрІЇрѕх рѕЮріЋ рѕірѕєріЋ рІГрЅйрѕІрѕЇ?

­ЪЌБріЦріЋрїЇрІ│рЅйріЋ:
­ЪЉЅ рІХ/рѕГ рѕўрѕ░рѕерЅх ріаріЋрѕ│ (рІерЇЁріЋрѕх ріЦріЊ рІерѕЏрѕЁрЇђріЋ рѕЁріГрѕЮріЊ рѕерІ│рЅх рЇЋрѕ«рЇїрѕ░рѕГрЇБ рІерѕўріФріЋріљрЅх ріЦріЊ рѕхріљ-рЅ░рІІрѕЇрІХ рібріЋрІХріГрѕфріќрѕјрїѓ рѕ░рЅЦрѕхрЇћрѕ╗рѕірѕхрЅх)

­ЪЌЊріЦрѕЂрІх рѕђрѕЮрѕї 21 2016

РЈ░ріерѕЮрѕйрЅ▒ 12 рѕ░рІЊрЅх (рЅарібрЅхрІ«рїхрІФ)

РџА№ИЈрІЇрІГрІГрЅ▒ріЋ рѕѕрѕўрЅђрѕІрЅђрѕЇ ріЦрІџрѕЁ рІГрїФріЉ 
­ЪЉЄ­ЪЉЄ­ЪЉЄ­ЪЉЄ­ЪЉЄ­ЪЉЄ­ЪЉЄ­ЪЉЄ
https://t.me/yetenaweg?livestream

РџА№ИЈрІерІЇрІГрІГрЅх рЅ╗ріЊрѕІрЅйріЋріЋ рѕѕрѕўрЅђрѕІрЅђрѕЇ ріЦрІџрѕЁ рІГрїФріЉ: https://t.me/+dl4juoncBxMyODVh"
1119,2024-07-21 19:34:24+00:00,-1001447066276,
1118,2024-07-21 17:16:17+00:00,-1001447066276,
1117,2024-07-21 15:53:57+00:00,-1001447066276,"ріарѕЂріЋ рЅарЅђрїЦрЅ│ рѕўріерЅ│рЅ░рѕЇ рЅхрЅйрѕІрѕІрЅйрѕЂ 

https://t.me/yetenaweg?livestream=dda85bfa16440d42d1"
1116,2024-07-21 15:00:45+00:00,-1001447066276,
1115,2024-07-21 07:56:13+00:00,-1001447066276,"­ЪћќрѕѕрѕЮрЇЁ (Vitiligo)

­ЪЉЅ­ЪЈЙрЅаріаріФрѕІрЅйріЋ рїцріЊрѕЏ рѕЋрІІрѕХрЅй рІЇрѕхрїЦ┬арѕюрѕІріќрѕ│рІГрЅх┬арІерѕџрЅБрѕѕрІЇріЋ рѕѕрЅєрІ│, рѕѕрЇђрїЅрѕГ ріЦріЊ рѕѕрІљрІГріЋ рЅђрѕѕрѕЮ рІерѕџрІФрѕўрѕГрЅ▒ ріаріФрѕЇ рѕ▓рІФрїарЅЃ РђюрѕѕрѕЮрЇЁРђЮ рІерѕџрЅБрѕѕрІЇріЋ рЅарѕйрЅ│┬а рІФрѕхріерЅхрѕІрѕЇ::

­ЪЉЅ­ЪЈ╗рІерѕѕрѕЮрЇЁ рѕЮрѕЇріГрЅХрЅ╣ рЅарїЦрЅѓрЅ▒рЇд
  
   ­ЪфДрЅарѕЏріЋріЏрІЇрѕЮ рІерЅєрІ│ ріаріФрЅБрЅб рѕІрІГ рѕірІѕрїБ рІГрЅйрѕІрѕЇ рЇБ ріљрїѕрѕГ рїЇріЋ рЅаріарЅЦрІЏріЏрІЇ рїірІюрЇА
рЅарЇірЅх рЇБ ріаріЋрїѕрЅх рЇБ ріЦрїЁ ріЦріЊ рЅарЅєрІ│ ріЦрїЦрЇІрЅХрЅй рѕІрІГ рІГріерѕ░рЅ│рѕЇрЇб

   ­ЪфДріаріЋрІ│ріЋрІх рїірІю рІерЇђрїЅрѕГ рѕЦрѕ«рЅй рЅБрѕЅрЅарЅх (рѕѕрѕЮрѕ│рѕїрЇА рІерѕФрѕх рЅєрІ│рІј) рѕІрІГ рѕірІ│рЅЦрѕГ рІГрЅйрѕІрѕЇрЇА рІерІџрѕЁріЋ рїірІю рІерЅ░рїјрІ│рІЇ ріаріФрЅБрЅб рѕІрІГ рІФрѕѕрІЇ рЇђрїЅрѕГ ріљрїГ рІѕрІГрѕЮ рїЇрѕФрїФ рѕірѕєріЋ рІГрЅйрѕІрѕЇрЇб

   ­ЪфДрѕѕрѕЮрЇЁ ріерІЊрІГріЋ рЅйрїЇрѕ«рЅй рїІрѕГрѕЮ рѕірІЏрѕўрІх рІГрЅйрѕІрѕЇрЇБ┬а

­ЪЉЅ­ЪЈ╗рІерѕѕрѕЮрЇЁ рѕўріЋрѕхріцрІјрЅй рѕЮріЋрІхріЊрЅИрІЇ?

­ЪЉЅ­ЪЈ╗рѕѕрѕЮрЇЁ ріерѕ░рІЇ рІѕрІ░ рѕ░рІЇ рІГрЅ░рѕІрѕѕрЇІрѕЇ рІѕрІГРЮЊ

­ЪЉЅ­ЪЈ╗рѕЋріГрѕЮріЊрІЇрѕх рѕЮріЋрІхріљрІЇ?

­ЪњЦріЦріљрІџрѕЁріЋ ріЦріЊ рѕїрѕјрЅй рїЦрІФрЅёрІјрЅйріЋ рѕўрѕЇрѕх рѕѕрѕЏрїЇріўрЅх ріЦрІџрѕЁ рІГрїФріЉрЇб

­ЪњЦрІерЅ┤рѕїрїЇрѕФрѕЮ рЅ╗ріЊрѕІрЅйріЋріЋ рѕѕрѕўрЅђрѕІрЅђрѕЇ  ріЦрІџрѕЁ рІГрїФріЉрЇб"
1114,2024-07-18 04:27:10+00:00,-1001447066276,"­ЪЦирїЇрѕІрі«рѕЏ┬а РђюрІЮрѕЮрЅ░ріЏрІЇ рІерІЋрІГрЅ│ рѕїрЅБРђЮ

­ЪЉђрїЇрѕІрі«рѕЏ┬арЅЦрІЎрІЇріЋ┬арїірІю┬арІЊрІГріљ┬арѕхрІЇрѕГріљрЅхріЋ┬а рІерѕџрІФрѕхріерЅхрѕѕрІЇ рЅарІЮрїЇрЅ│┬аріЦріЊ┬арЅарѕерїЁрѕЮ┬арїірІю┬арЅарѕўрѕєріЉ┬аРђюрІЮрѕЮрЅ░ріЏрІЇ┬арІерІЋрІГрЅ│┬арѕїрЅБРђЮ┬арЅарѕўрЅБрѕЇ┬арІГрЅ│рІѕрЅЃрѕЇрЇб

­ЪњАрІерїЇрѕІрі«рѕЏ┬арѕЮріЋріљрЅхрЇА
рїЇрѕІрі«рѕЏ┬арЅарЅ░рѕѕрѕЮрІХ┬арІерІЊрІГріЋ┬арїЇрЇірЅх┬арЅарѕйрЅ│┬арЅарѕўрЅБрѕЇ┬арІерѕџрЅ│рІѕрЅЁ┬арЅбрѕєріЋрѕЮ┬арІерІЋрІГрЅ│┬аріљрѕГрЅГріЋріЊ┬арѕгрЅ▓ріЊріЋ┬аріерїірІю┬арІѕрІ░┬арїірІю┬а┬аріЦрІерїјрІ▒┬арІерІЋрІГрЅ│┬аріарІхрѕЏрѕхріЋ┬арѕѕрѕџрЅђріЋрѕ▒┬аріЦріЋрІ▓рѕЂрѕЮ┬арѕѕрІЊрІГріљрѕхрІЇрѕГріљрЅх┬арѕѕрѕџрІ│рѕГрїЅ┬арІерІЊрІГріЋ┬аріЦріГрѕјрЅй┬арІерЅ░рѕ░рїа┬арІерІѕрѕЇ┬арІерЅарѕйрЅ│┬арѕхрІФрѕю┬аріљрІЇрЇб

­ЪњАрѕѕрїЇрѕІрі«рѕЏ┬арЅ░рїІрѕІрїГріљрЅ│рЅйріЋріЋ┬арІерѕџрїерѕЮрѕЕ┬аріљрїѕрѕ«рЅй рЅарїЦрЅѓрЅ▒рЇд
Рџю№ИЈріЦрІхрѕю┬арЅарЅ░рѕѕрІГ┬аріе60┬арЅарѕІрІГ┬арѕўрѕєріЋ
Рџю№ИЈрЅарЅцрЅ░рѕ░рЅЦ┬арІЇрѕхрїЦ┬арІерїЇрѕІрі«рѕЏ┬арЅ│рѕфріГ┬аріФрѕѕ┬а рЅарЅ░рѕѕрІГ┬арЅарѕўрїђрѕўрѕфрІФ┬арІўрѕўрІх
Рџю№ИЈріерЅЂрїЦрїЦрѕГ┬арІФрѕѕрЇѕ┬арІерІЊрІГріЋ┬арїЇрЇірЅх
Рџю№ИЈріерЅЂрїЦрїЦрѕГ┬арІФрѕѕрЇѕ┬арІерІ░рѕЮ┬арїЇрЇірЅх ріЦріЊ┬арІерѕхрі│рѕГ┬арЅарѕйрЅ│
Рџю№ИЈрІЊрІГріЋ┬арѕІрІГ┬арІерѕџрІ░рѕГрѕ▒┬аріарІ░рїІрІјрЅй

­ЪњАрІеріГрЇЇрЅх┬аріаріЋрїЇрѕЇ┬арїЇрѕІрі«рѕЏ┬а┬аріЦріЊ рІЮрїЇ┬аріаріЋрїЇрѕЇ┬арїЇрѕІрі«рѕЏ┬а рѕЮрѕЇріГрЅХрЅй рѕЮріЋрІхріЊрЅИрІЇ?

­ЪњАрІерѕЇрІерЅ│ рѕЮрѕГрѕўрѕФ рІерѕџрІФрѕхрЇѕрѕЇрїѕрІЇ рѕѕріЦріљрѕЏріЋ ріљрІЇ? рѕўрЅ╝? рЅарІерѕхріЋрЅх рїірІюрІЇ?

­ЪњірїЇрѕІрі«рѕЏ┬арѕЋріГрѕЮріЊрІЇ┬арѕЮріЋрІхріљрІЇ?


­ЪЉЂріЦріљрІџрѕЁріЋ ріЦріЊ рѕїрѕјрЅй рїЦрІФрЅёрІјрЅйріЋ рѕўрѕЇрѕх рѕѕрѕЏрїЇріўрЅх ­ЪЉЅ­ЪЈЙріЦрІџрѕЁ рІГрїФріЉрЇб

­ЪЉЂрІерЅ┤рѕїрїЇрѕФрѕЮ рЅ╗ріЊрѕІрЅйріЋріЋ рѕѕрѕўрЅђрѕІрЅђрѕЇ ­ЪЉЅ­ЪЈЙ ріЦрІџрѕЁ рІГрїФріЉрЇб"
1113,2024-07-16 08:20:51+00:00,-1001447066276,
1112,2024-07-16 05:52:53+00:00,-1001447066276,
1111,2024-07-16 05:52:53+00:00,-1001447066276,"­ЪЊБ рЅхрѕЇрЅЁ рІюріЊ ­ЪЊБ

#рІеріарІЋрѕЮрѕ«_рїцріЊ_рѕІрІГ_рІерѕџрІФрЅ░ріЕрѕЕ_рІЇрІГрІГрЅХрЅ╗рЅйріЋ_рІѕрІ░_рІерїцріЊ_рІѕрїЇ_рЅ░рѕўрѕЇрѕ░рІІрѕЇрЇб 

­ЪњА""рѕџрІ▓рІФрЇБ рЅаріаріЦрѕЮрѕ« рїцріЊрІј рѕІрІГ рѕЮріЋ рІФрѕЁрѕЇ рЅ░рїйрІЋріќ рІФрѕ│рІхрѕФрѕЇ рЅЦрѕѕрІЇ рІФрѕхрЅБрѕЅ?""­Ъцћ

рІерїцріЊ рІѕрїЇ рІеріарІЋрѕЮрѕ« рїцріЊ рІЇрІГрІГрЅХрЅй ріерѕерїЁрѕЮ рЅєрІГрЅ│ рЅаріІрѕІ рЅ░рѕўрѕЇрѕ░рІІрѕЇрЇА

РюерѕџрІ▓рІФ рЅаріаріЦрѕЮрѕ« рїцріЊ рІЇрѕхрїЦ рІерѕџрїФрІѕрЅ░рІЇріЋ рѕџріЊ рІерѕџрІ│рѕхрѕх рїарЅЃрѕџ рІЇрІГрІГрЅх рѕѕрѕЏрІхрѕерїЇ рЅ░рІўрїІрїЁрЅ░ріЊрѕЇрЇбРюе

­ЪЌЊ рЅарѕўрїГрІЇ ріЦрѕЂрІх рѕЃрѕЮрѕї 15, рѕЏрЅ│ 12:00 рѕ░рІљрЅх рІЇрІГрІГрЅ│рЅйріЋріЋ рІГрЅђрѕІрЅђрѕЅрЇб

­ЪјЎрІерЅ░ріерЅарѕЕ рЅ░рїІрЅБрІЦ ріЦріЋрїЇрІХрЅ╗рЅйріЋ рІХ/рѕГ рѕўрѕхріерѕерѕЮ ріарЅарЅа ріЦріЊ рІерѕИрІІ рѕЏрѕхрѕерѕ╗ріЋ рїерѕЮрѕ« ріерЅБрѕѕрІхрѕГрѕ╗ ріаріФрѕІрЅх ріЦріЊ рѕїрѕјрЅй рЅ░ріФрЇІрІГ ріЦріЋрїЇрІХрЅ╗рЅйріЋ рїІрѕГ ріарЅЦрѕ« рЅарѕўрѕєріЋ рІЇрІГрІГрЅ▒ріЋ ріЦріЊрЅђрѕГрЅБрѕѕріЋрЇб

РџА№ИЈрІЇрІГрІГрЅ▒ріЋ рѕѕрѕўрЅђрѕІрЅђрѕЇ ріЦрІџрѕЁ рІГрїФріЉ 
­ЪЉЄ­ЪЉЄ­ЪЉЄ­ЪЉЄ­ЪЉЄ­ЪЉЄ­ЪЉЄ­ЪЉЄ
https://t.me/yetenaweg?livestream

РџА№ИЈрІерІЇрІГрІГрЅх рЅ╗ріЊрѕІрЅйріЋріЋ рѕѕрѕўрЅђрѕІрЅђрѕЇ ріЦрІџрѕЁ рІГрїФріЉ: ріЦрІџрѕЁ рІГрїФріЉ"
1109,2024-07-15 07:02:10+00:00,-1001447066276,"­ЪњЦрІеріЕрѕІрѕірЅх рЅарѕйрЅ│ ріГрЅхрЅхрѕЇ ріЦріЊ рІерІ│рІФрѕірѕ▓рѕх рѕЁріГрѕЮріЊ 

­ЪЉЅ рІеріЕрѕІрѕірЅх рЅарѕйрЅ│ ріарѕѕрЅдрЅх? рІѕрІГрѕЮ рІеріЕрѕІрѕірЅх рЅарѕйрЅ│ рІФрѕѕрЅарЅх рѕ░рІЇ рІФрІЇрЅЃрѕЅ? ріеріЕрѕІрѕірЅх рЅарѕйрЅ│ ріЦріЊ ріерІ│рІФрѕірѕ▓рѕх рїІрѕГ ріЦріЋрІ┤рЅх рѕўріќрѕГ ріЦріЋрІ░рѕџрЅ╗рѕЇ ріЦріЋріљрїІрїѕрѕГ.  

­ЪњЦ рІерїцріЊ рІѕрїЇ ріерІџрѕЁ рЅђрІ░рѕЮ┬арѕхрѕѕ ріЕрѕІрѕірЅх рЅарѕйрЅ│ ріГрЅхрЅхрѕЇ ріЦріЊ рІерІ│рІФрѕірѕ▓рѕх рѕЁріГрѕЮріЊ рІФрІ░рѕерїЇріљрІЇріЋ рІЇрІГрІГрЅх ріарѕЂріЋ рЅарЅ┤рѕїрїЇрѕФрѕЮ рЅ╗ріЊрѕІрЅйріЋ рѕІрІГ рІФрІ│рѕЮрїАрЇб

РюеріЦріЋрїЇрІХрЅ╗рЅйріЋ:
┬а┬а┬а┬а┬а┬а┬а┬а┬а┬а рІХ/рѕГ рѕЃрѕўрѕЇрѕЏрѕЇ рѕђ/рїірІ«рѕГрїірѕх 
           ріЦріЊ 
           рІХ/рѕГ рЇЇрЇЂрѕЮ рїЦрѕІрѕЂріЋ 

рѕхрѕѕ ріЕрѕІрѕірЅх рЅарѕйрЅ│ ріГрЅхрЅхрѕЇ ріЦріЊ рІерІ│рІФрѕірѕ▓рѕх рѕЁріГрѕЮріЊ рѕѕрѕЏрІѕрЅЁ рІГрѕЁріЋріЋ рІЇрІГрІГрЅх ріЦріЋрїІрЅЦрІЮрІјрЅ│рѕѕріЋрЇб"
1108,2024-07-15 06:44:15+00:00,-1001447066276,"рІерЅхріЕрѕ│рЅх┬арѕЏріЋрЅђрїЦрЅђрїЦ (Febrile Seizure)

­Ъц▒рІерЅхріЕрѕ│рЅх рѕЏріЋрЅђрїЦрЅђрїЦ рѕѕрІѕрѕІрїєрЅй рЅарїБрѕЮ ріарѕхрЇѕрѕф рЅ░рѕъріГрѕ« рѕірѕєріЋ рЅбрЅйрѕЇрѕЮ рЇц ріљрїѕрѕГ рїЇріЋ рѕЮрѕЇріГрЅХрЅ╣ріЋ рѕЏрІѕрЅЂ рїГріЋрЅђрЅхріЋ рѕѕрѕЏрѕхрЅ│рїѕрѕх ріЦріЊ рЅаріарЇІрїБріЮ рЅ│рѕЏрѕџрІЇріЋ рѕѕрѕўрѕГрІ│рЅх рІГрѕерІ│рѕЇрЇб┬а┬а┬а┬а 

­ЪцњрІерЅхріЕрѕ│рЅх рѕЏріЋрЅђрїЦрЅђрїЦ рІІріЊ рІІріЊ рѕЮрѕЇріГрЅХрЅй рЅарїЦрЅѓрЅ▒┬а 
     ­ЪїАріЦрїЁріЊ ріЦрїЇрѕГ рѕЏрїаріЋріерѕГ рІѕрІГрѕЮ ріЦрїЁ ріЊ ріЦрїЇрѕГріЋ рЅБрѕЇрЅ░рѕѕрѕўрІ░ рѕўрѕЇріЕ рЅарЇЇрїЦріљрЅх рѕЏрІѕрІЏрІѕрІЮ
    ­ЪїАріарІГріќрЅй рІѕрІ░ рѕІрІГ рѕўрїѕрѕЇрЅарїЦ
    ­ЪїАрїЦрѕЇрЅђрЅх рІерѕїрѕѕрІЇ ріарЅ░ріљрЇІрЇѕрѕх рІѕрІГрѕЮ  рїірІюрІФрІі рІерЅхріЋрЇІрѕй рѕЏрЅєрѕЮ┬а                                                                                                                                                                                                ┬а┬а┬а┬а 
­Ъцњ рІерЅхріЕрѕ│рЅх┬арѕЏріЋрЅђрїЦрЅђрїЦ рѕўріЋрѕхріцрІјрЅй рЅарїЦрЅѓрЅ▒┬а┬а┬а┬а┬а┬а┬а┬а┬а┬а┬а┬а┬а┬а┬а┬а 
      ­ЪїАрІерѕ░рІЇріљрЅх рѕЎрЅђрЅх рЅарЇЇрїЦріљрЅх рѕўрїерѕўрѕГ
      ­ЪїАріЦріЋрІ░ рѕўрЅ░ріЋрЇѕрѕ╗ ріаріФрѕІрЅх рібріЋрЇїріГрѕйріЋ
     ­ЪїАрІерїєрѕ« рібріЋрЇїріГрѕйріЋ рІѕрІГрѕЮ ріЦріЋрІ░ рїЅріЋрЇІріЋ ріФрѕЅ рІерЅ░рѕѕрѕўрІ▒ рІерѕЇрїЁріљрЅх рѕЋрѕўрѕърЅй  

­ЪцњрѕЇрїЁрІј┬арІерЅхріЕрѕ│рЅх┬арѕЏріЋрЅђрїЦрЅђрїЦ┬аріФрїІрїарѕўрІЇрЇБ┬арѕірІѕрѕхрІирЅИрІЇ┬арІерѕџрЅйрѕЈрЅИрІЇ┬аріаріЋрІ│ріЋрІх┬аріЦрѕГрѕЮрїЃрІјрЅй┬арѕЮріЋрІхріЊрЅИрІЇ?┬а┬а┬а 

­ЪцњріЦріЋрІ▓рѕЂрѕЮ рѕўрЅ╝┬арІерѕЋріГрѕЮріЊ┬аріЦрѕГрІ│рЅ│┬аріЦріЋрЇѕрѕЇрїЇ?┬а┬а┬а 

­ЪњірІерЅхріЕрѕ│рЅх┬арѕЏріЋрЅђрїЦрЅђрїЦ┬арЅарѕйрЅ│ ріЦріЋрІ┤рЅх рІГрЅ│ріерѕЏрѕЇ?

­ЪњЦріЦріљрІџрѕЁріЋ ріЦріЊ рѕїрѕјрЅй рїЦрІФрЅёрІјрЅйріЋ рѕўрѕЇрѕх рѕѕрѕЏрїЇріўрЅх ­ЪЉЅ­ЪЈЙріЦрІџрѕЁ рІГрїФріЉрЇб

­ЪњЦрІерЅ┤рѕїрїЇрѕФрѕЮ рЅ╗ріЊрѕІрЅйріЋріЋ рѕѕрѕўрЅђрѕІрЅђрѕЇ ­ЪЉЅ­ЪЈЙ ріЦрІџрѕЁ рІГрїФріЉрЇб"
1107,2024-07-14 16:51:26+00:00,-1001447066276,
1106,2024-07-14 15:00:21+00:00,-1001447066276,рЅ░рїђрѕЮрѕ»рѕЇ !!
1105,2024-07-14 14:54:48+00:00,-1001447066276,
1104,2024-07-11 07:41:38+00:00,-1001447066276,
1103,2024-07-11 07:41:38+00:00,-1001447066276,"­ЪњДрЅарІџрѕЁ ріЦрѕЂрІх рЅарЅ┤рѕїрїЇрѕФрѕЮ рЅђрїЦрЅ│ рѕхрѕГрїГрЅх рІерѕйріЋрЅх рЅДріЋрЅД рібріЋрЇїріГрѕйріЋ ріаріЊ рІеріЕрѕІрѕірЅх рїарїарѕГ рІерѕџрІ│рѕхрѕх рІЇрІГрІГрЅх рІГрІўріЋ рЅђрѕГрЅаріЊрѕЇрЇб

­ЪњАрІеріЕрѕІрѕірЅх рїарїарѕГ рЅаріЕрѕІрѕірЅ│рЅй рІЇрѕхрїЦ рІерѕџрЇѕрїарѕЕ ріЋрїЦрѕе ріљрїѕрѕ«рЅй ріЦріЊ ріерїерІЇ рІерЅ░рѕарѕЕ рїаріЋріФрѕФ ріГрѕЮрЅйрЅХрЅй рѕ▓рѕєріЉ рЅарѕйріЋрЅх рЅ▒рЅд рІЇрѕхрїЦ рЅарѕџрІФрѕЇрЇЅрЅарЅх рїірІю ріерЅБрІх рѕЁрѕўрѕЮ рѕірІФрѕхріерЅхрѕЅ рІГрЅйрѕІрѕЅрЇб

­ЪЌБріЦріЋрїЇрІ│рЅйріЋ:
­ЪЉЅрІХ/рѕГ рѕ░рІГрЇѕ рЅарЅђрѕѕ рїЦрѕІрѕЂріЋ 
(рЅарїЦрЅЂрѕГ ріаріЋрЅарѕ│ рѕхрЇћрѕ╗рѕІрІГрІЮрІх рѕєрѕхрЇњрЅ│рѕЇ рІерЅђрІХ рїЦрїѕріЊ ріГрЇЇрѕЇ рІерІЕрѕ«рѕјрїѓ рѕерІ│рЅх рЇЋрѕ«рЇїрѕ░рѕГ)

­ЪЌЊріЦрѕЂрІх рѕђрѕЮрѕї 7 2016

РЈ░ріерѕЮрѕйрЅ▒ 12 рѕ░рІЊрЅх (рЅарібрЅхрІ«рїхрІФ)

РџА№ИЈрІЇрІГрІГрЅ▒ріЋ рѕѕрѕўрЅђрѕІрЅђрѕЇ ріЦрІџрѕЁ рІГрїФріЉ 
­ЪЉЄ­ЪЉЄ­ЪЉЄ­ЪЉЄ­ЪЉЄ­ЪЉЄ­ЪЉЄ­ЪЉЄ
https://t.me/yetenaweg?livestream

РџА№ИЈрІерІЇрІГрІГрЅх рЅ╗ріЊрѕІрЅйріЋріЋ рѕѕрѕўрЅђрѕІрЅђрѕЇ ріЦрІџрѕЁ рІГрїФріЉ: https://t.me/+dl4juoncBxMyODVh"
1102,2024-07-11 05:55:49+00:00,-1001447066276,
1101,2024-06-30 16:21:58+00:00,-1001447066276,
1100,2024-06-30 15:04:15+00:00,-1001447066276,рЅ░рїђрѕЮрѕ»рѕЇ !!
1099,2024-06-30 15:02:10+00:00,-1001447066276,
1098,2024-06-30 08:20:32+00:00,-1001447066276,"рІеріарѕЇрі«рѕЇ рѕ▒рѕ░ріЮріљрЅх

­ЪЇиріарѕЇрі«рѕЇ ріерїарїА рЅаріІрѕІ рІерѕџрѕўрїБрІЇ рІерЅБрѕЁрѕфріЊ рѕхріљ-рѕЇрЅдріЊрІі рѕѕрІЇрїЦ рІеріарѕЇрі«рѕЇ рѕхріФрѕГ (Alcohol intoxication) рІГрЅБрѕІрѕЇрЇАрЇА 

­ЪЇиріарІ░рїѕріЏ рЅарѕєріљ рѕўрїаріЋ ріарѕЇрі«рѕЇріЋ рѕўрїарїБрЅх рѕЮріЋ ріаріФрѕІрІіріЊ рѕхріљ-рѕЇрЅдріЊрІі рїЅрІ│рЅх ріарѕѕрІЇ?

┬а┬а┬а┬а┬а ­ЪЇ╗рїГріЋрЅђрЅхрЇБ рІхрЅБрЅ┤рЇБ рІеріЦріЋрЅЁрѕЇрЇЇ рѕўрѕерЅарѕйрЇБ
┬а┬а┬а┬а┬а ­ЪЇ╗ рІерѕўрѕГрѕ│рЅх рЅарѕйрЅ│ріЊ рѕФрѕхріЋ рѕѕрѕЏрїЦрЇІрЅх рѕўріљрѕ│рѕ│рЅхрЇБ
┬а┬а┬а┬а┬а ­ЪЇ╗ рІФрѕѕ ріарѕЇрі«рѕЇ ріаріФрѕІрЅИрІЇріЊ ріарІЋрѕЮрѕ«ріарЅИрІЇ рЅаріарїЇрЅБрЅА ріЦріЋрІ│рІГрѕ░рѕФ рЅарѕЏрІхрѕерїЇ рЅаріарѕЇрі«рѕЇ рѕІрІГ рїЦрїѕріЮріљрЅхріЋ (рІѕрІГрѕЮ рѕ▒рѕ░ріЮріљрЅхріЋ) рѕЏрѕЮрїБрЅх рІГрЅйрѕІрѕЇрЇАрЇА

­ЪЇиріаріЋрІх рІеріарѕЇрі«рѕЇ рЅ░рїарЅЃрѕџ рІеріарѕЇрі«рѕЇ рѕ▒рѕ░ріЏ ріљрІЇ рІерѕџрЅБрѕѕрІЇ рѕўрЅ╝ ріљрІЇ?

­ЪЇиріаріЋрІх рІеріарѕЇрі«рѕЇ рѕ▒рѕ░рѕ░ріЮріљрЅх рІФрѕѕрЅарЅх рѕ░рІЇ ріЦріЋрІ┤рЅх ріерѕ▒рѕ▒ рѕўрѕІрЅђрЅЁ рІГрЅйрѕІрѕЇ?


­ЪїЪріЦріљрІџрѕЁріЋ ріЦріЊ рѕїрѕјрЅй рїЦрІФрЅёрІјрЅйріЋ рѕўрѕЇрѕх рѕѕрѕЏрїЇріўрЅх ­ЪЉЅ­ЪЈЙріЦрІџрѕЁ рІГрїФріЉрЇб

­ЪїЪрІерЅ┤рѕїрїЇрѕФрѕЮ рЅ╗ріЊрѕІрЅйріЋріЋ рѕѕрѕўрЅђрѕІрЅђрѕЇ ­ЪЉЅ­ЪЈЙ ріЦрІџрѕЁ рІГрїФріЉрЇб"
1097,2024-06-27 16:40:44+00:00,-1001447066276,
1096,2024-06-27 16:40:44+00:00,-1001447066276,
1095,2024-06-27 16:40:43+00:00,-1001447066276,
1094,2024-06-27 16:40:42+00:00,-1001447066276,"рѕхрѕѕ ріарѕЇрІЏрІГрѕўрѕГ рЅарѕйрЅ│ рѕЮріЋ рІФрѕЁрѕЇ рІФрІЇрЅЃрѕЅ?

РюЇ­ЪЈйріарѕЂріЋ рІФрѕѕріЋрЅарЅх рІе ріарІЇрѕ«рЇЊрІЇрІФріЉ рїЂріЋ (june) рІѕрѕГ рІеріаріЋрїјрѕЇ рїцріЊріЊ рІеріарѕЇрІЏрІГрѕўрѕГ рЅарѕйрЅ│ рѕІрІГ рїЇріЋрІЏрЅц рІерѕЮріЋрЇѕрїЦрѕГрЅарЅх рІѕрѕГ ріљрІЇрЇб

­ЪЉЅ­ЪЈЙріарѕЇрІЏрІГрѕўрѕГ┬а рІерІЋрѕѕрЅх рЅ░рІЋрѕѕрЅх ріЉрѕ«ріЋ рІерѕџрѕерЅЦрѕй рІерѕЏрѕхрЅ│рІѕрѕх рЅйрѕјрЅ│ рѕЏрїБрЅхріЋ рІерѕџрІФрѕхріерЅхрѕЇ рІерѕўрѕГрѕ│рЅх рЅарѕйрЅ│ рѕ▓рѕєріЋ рЅарЅарѕйрЅ│ рІерЅ░рїарЅЂ рѕ░рІјрЅй рѕЁрѕўрѕЎ ріЦріЋрІ│рѕѕрЅБрЅИрІЇ рѕѕрѕЏрІѕрЅЁ рѕхрѕѕрѕџріерЅЦрІ│рЅИрІЇ рІерЅцрЅ░рѕ░рЅЦ ріарЅБрѕІрЅх рІѕрІГрѕЮ рІѕрІ│рїєрЅй рѕЮрѕЇріГрЅХрЅйріЋ ріФрІЕ рЅарѕђріфрѕЮ ріЦріЋрІ▓рЅ│рІЕ рѕЏрїѕрІЮ рІГріќрѕГрЅБрЅИрІІрѕЇрЇб

­ЪњЦрІерЅ┤рѕїрїЇрѕФрѕЮ рЅ╗ріЊрѕІрЅйріЋріЋ рѕѕрѕўрЅђрѕІрЅђрѕЇ┬а┬а 
­ЪЉЅ­ЪЈЙ┬аріЦрІџрѕЁ рІГрїФріЉ https://t.me/yetenaweg"
1093,2024-06-25 12:57:54+00:00,-1001447066276,
1092,2024-06-25 12:57:53+00:00,-1001447066276,"­ЪћХрЅарІџрѕЁ ріЦрѕЂрІх рЅарЅ┤рѕїрїЇрѕФрѕЮ рЅђрїЦрЅ│ рѕхрѕГрїГрЅх!! 

рІерїцріЊ рІѕрїЇ рІеріарІГріЋ рѕърѕФ рїЇрѕГрІХрѕй ріаріЊ рІеріарїГрѕГ ріЦріЊ рѕерїЁрѕЮ ріЦрІГрЅ│ ріЦріГрѕјрЅйріЋ рІерѕџрІ┤рѕхрѕх рІЇрІГрІГрЅх рІГрІъ рЅђрѕГрЅДрѕЇрЇб

­ЪњЦрІерѕЏрІерЅх ріЦріГрѕЇ рѕўріЋрѕхріцрІјрЅй ріерЅ░рІѕрѕѕрІ▒ рїђрѕЮрѕ« рІФрѕЅ рІѕрІГрѕЮ рЅаріІрѕІ рѕІрІГ рІерЅ░рїѕріЎ ріЦріЋрІ░ ріЦрѕГрїЁріЊрЇБ рїЅрІ│рЅх рІѕрІГрѕЮ рІерїёріћрЅ▓ріГ рѕЂріћрЅ│рІјрЅй рЅБрѕЅ рѕЮріГріЋрІФрЅХрЅй рѕірѕєріЉ рІГрЅйрѕІрѕЅрЇб 

­ЪЌБріЦріЋрїЇрІ│рЅйріЋ:
­ЪЉЅрІХ/рѕГ рѕЮрѕхрїІріЊрІЇ рѕўрі«ріЋріЋ (рі«ріЋрѕ░рѕЇрЅ│ріЋрЅх рідрЇЋрЅ│рѕЇрѕърѕјрїѓрѕхрЅх) 

­ЪЌЊріЦрѕЂрІх рѕ░ріћ 23 2016

РЈ░ріерѕЮрѕйрЅ▒ 12 рѕ░рІЊрЅх (рЅарібрЅхрІ«рїхрІФ)

РџА№ИЈрІЇрІГрІГрЅ▒ріЋ рѕѕрѕўрЅђрѕІрЅђрѕЇ ріЦрІџрѕЁ рІГрїФріЉ 
­ЪЉЄ­ЪЉЄ­ЪЉЄ­ЪЉЄ­ЪЉЄ­ЪЉЄ­ЪЉЄ­ЪЉЄ
https://t.me/yetenaweg?livestream

РџА№ИЈрІерІЇрІГрІГрЅх рЅ╗ріЊрѕІрЅйріЋріЋ рѕѕрѕўрЅђрѕІрЅђрѕЇ ріЦрІџрѕЁ рІГрїФріЉ: https://t.me/+dl4juoncBxMyODVh"
1091,2024-06-25 06:19:42+00:00,-1001447066276,"­ЪЊїрІерѕЏрїЁрѕФрЅх рїѕрЅхрѕГ рЅарѕйрЅ│ рѕЮріЋрІхріљрІЇ?

­ЪћќрІерѕЏрїЁрѕФрЅх рїѕрЅхрѕГ рЅарѕйрЅ│ рЅаріаріЋрїјрѕЇ ріЦріЊ рЅарѕЁрЅЦрѕѕ рѕ░рѕерѕ░рѕГ рІЎрѕфрІФ рІФрѕЅ рѕЋрЅЦрѕе рѕЋрІІрѕ│рЅх рІерѕўрЅєрїБрЅх рЅарѕйрЅ│ ріљрІЇ::

­ЪћќрѕЁрѕўрѕЮрЅ░ріЏрІЇ рІерѕџрІФрѕ│рІЕрЅх рѕЮрѕЇріГрЅХрЅй рЅарїЦрЅѓрЅ▒:-

┬а┬а┬а┬а ­ЪЊЇрѕФрѕх рѕЮрЅ│рЅх
┬а┬а┬а┬а ­ЪЊЇрІерѕЏрїЁрѕФрЅх рѕўрїѕрЅ░рѕГ┬а┬а┬а
┬а┬а┬а┬а ­ЪЊЇ рѕўрїБрѕЇ ріЦріЊ рѕЏріЋрЅђрїЦрЅђрїЦ┬а┬а
┬а┬а┬а┬а ­ЪЊЇрЅЦрѕГрѕЃріЋ рѕўріќрѕЕ рІерЅарѕйрЅ░ріЏрІЇріЋ ріарІГріЋ рѕЏрѕхрїеріљрЅЁ

­ЪћќрЅарѕйрЅ│рІЇ ріЦріЋрІ┤рЅх ріерѕ░рІЇ рІѕрІ░ рѕ░рІЇ рІГрЅ░рѕІрѕѕрЇІрѕЇ?┬а┬а┬а┬а┬а 

­ЪћќрЅарЅарѕйрЅ│рІЇ рѕЮріГріЋрІФрЅх рІерѕџрѕўрїА рѕўрІўрІърЅй рѕЮріЋрІхріЊрЅИрІЇ?

­ЪњірѕЁріГрѕЮріЊрІЇрѕх рѕЮріЋ рІГрѕўрѕхрѕІрѕЇ?


­Ъњд ріЦріљрІџрѕЁріЋ ріЦріЊ рѕїрѕјрЅй рїЦрІФрЅёрІјрЅйріЋ рѕўрѕЇрѕх рѕѕрѕЏрїЇріўрЅх ­ЪЉЅ­ЪЈЙріЦрІџрѕЁ рІГрїФріЉрЇб

­Ъњд рІерЅ┤рѕїрїЇрѕФрѕЮ рЅ╗ріЊрѕІрЅйріЋріЋ рѕѕрѕўрЅђрѕІрЅђрѕЇ ­ЪЉЅ­ЪЈЙ ріЦрІџрѕЁ рІГрїФріЉрЇб"
1090,2024-06-24 08:11:27+00:00,-1001447066276,
1088,2024-06-20 06:54:39+00:00,-1001447066276,"­ЪњЦрѕФрѕх рѕЮрЅ│рЅх 

­ЪЉЅ рѕхріЋрЅх ріарІГріљрЅх рѕФрѕх рѕЮрЅ│рЅх ріарѕѕ? рѕўрЅ╝ рІѕрІ░ рїцріЊ рЅ░рЅІрѕЮ рѕўрѕЮрїБрЅх рІФрѕхрЇѕрѕЇрїІрѕЇ? 

­ЪњЦ рІерїцріЊ рІѕрїЇ ріерІџрѕЁ рЅђрІ░рѕЮ┬арѕхрѕѕ рѕФрѕх рѕЮрЅ│рЅх рІФрІ░рѕерїЇріљрІЇріЋ рІЇрІГрІГрЅх ріарѕЂріЋ рЅарЅ┤рѕїрїЇрѕФрѕЮ рЅ╗ріЊрѕІрЅйріЋ рѕІрІГ рІФрІ│рѕЮрїАрЇб

РюеріЦріЋрїЇрІ│рЅйріЋ:
┬а┬а┬а┬а┬а┬а┬а┬а┬а┬а рІХ/рѕГ рЇЇрЅЁрѕЕ рЇђрѕђрІГріљрѕЁ 

рІерЅ░рѕѕрІФрІЕ рІерѕФрѕх рѕЮрЅ│рЅх рІЊрІГріљрЅХрЅйріЋ : рІІріЊ рѕўріЋрѕхріцрІјрЅ╗рЅИрІЇріЋ ріЦріЊ рѕірїаріљрЅђрЅЂрІІрЅИрІЇ рІерѕџрїѕрЅА рІеріарІ░рїІ рѕЮрѕЇріГрЅХрЅйріЋ рѕѕрѕЏрІѕрЅЁ рІГрѕЁріЋріЋ рІЇрІГрІГрЅх ріЦріЋрїІрЅЦрІЮрІјрЅ│рѕѕріЋрЇб"
1087,2024-06-14 16:33:19+00:00,-1001447066276,
1086,2024-06-14 16:33:19+00:00,-1001447066276,
1085,2024-06-14 16:33:18+00:00,-1001447066276,
1084,2024-06-14 16:33:18+00:00,-1001447066276,"рІ░рѕЮ рѕѕрїЇрѕ░рІЇ рѕЁрІГрІѕрЅх рѕхрѕѕрЅ│рІ░рїЅ┬а ріЦріЊрѕўрѕ░рїЇріЊрѕѕріЋрЇб

РюЇРюЇ рЅарІеріарѕўрЅ▒ рЅарЇѕрѕеріЋрїєрЅй рѕ░ріћ 14 ріарѕѕрѕЏрЅђрЇЇрІі рІерІ░рѕЮ рѕЇрїѕрѕ│ рЅђріЋ рЅ│рѕхрЅд рІГрІЇрѕІрѕЇрЇб

­ЪЉЅ рІерІўріЋрІхрѕ« рІерІЊрѕѕрѕЮ ріарЅђрЇЇ рІерІ░рѕЮ рѕЇрїѕрѕ│ рЅђріЋ "" 20 рІЊрѕўрЅ│рЅх рІерІ░рѕЮ рѕЇрїѕрѕ│ рЅђріЋріЋ рѕхріЊріерЅЦрѕГ┬а рІ░рѕЮ рѕѕрїІрѕЙрЅйріЋ ріЦріЊрѕўрѕ░рїЇріЊрѕѕріЋ"" рЅарѕџрѕЇ рѕўрѕф рЅЃрѕЇ ріЦрІерЅ░ріерЅарѕе рІГрїѕріЏрѕЇрЇАрЇА

­ЪњЦ рІеріЦрѕГрѕхрІј рІеріаріЋрІх рїірІю рІ░рѕЮ рѕЇрїѕрѕ│ рІерѕЮріЋ рІФрѕЁрѕЇ рѕ░рІЇ рѕЁрІГрІѕрЅх ріЦріЋрІ░рѕџрЅ│рІ░рїЇ рІФрІЇрЅЃрѕЅ?

­ЪњЦ ріаріЋрІх рїірІю ріГріЋрІ│рЅйріЋріЋ рЅарѕўрІўрѕГрїІрЅх рІерѕХрѕхрЅх рІѕрїѕріЊрЅйріЋріЋ рѕЁрІГрІѕрЅх ріЦріЋрЅ│рІ░рїЇрЇб

­ЪћИрѕѕрЅарѕѕрїа рѕўрѕерїЃ:┬а https://yetenaweg.com/"
1083,2024-06-09 16:36:21+00:00,-1001447066276,
1082,2024-06-09 15:28:37+00:00,-1001447066276,рїЦрІФрЅёрІФрЅйрѕЂріЋ ріарїІрѕЕріЋ
1081,2024-06-09 15:05:18+00:00,-1001447066276,"https://t.me/yetenaweg?livestream

рѕхрѕѕ ріЕрѕІрѕірЅх рїцріЊ рЇБ рѕЁріГрѕЮріЊ ріЦріЊ рІ│рІФрѕірѕХрѕх рІерѕЮріЊрІ░рѕГрїѕрІЇ рІЅрІГрІГрЅх ріарѕЂріЋ рЅ░рїђрѕЮрѕ»рѕЇ рЇб рїарІГрЅЂрЇБ рЅ░рѕЏрѕЕ рЇБ рѕЏрІѕрЅЁ рѕѕрѕџрЇѕрѕЇрїЅ рѕіріљріЕріЋ рѕЏрїІрѕФрЅх рЅхрЅйрѕІрѕІрЅйрѕЂ"
1080,2024-06-09 15:01:25+00:00,-1001447066276,
1079,2024-06-06 07:51:31+00:00,-1001447066276,
1078,2024-06-06 07:51:30+00:00,-1001447066276,"­ЪЊБрЅарІџрѕЁ ріЦрѕЂрІх рЅарЅ┤рѕїрїЇрѕФрѕЮ рЅђрїЦрЅ│ рѕхрѕГрїГрЅх рІеріЕрѕІрѕірЅх рЅарѕйрЅ│ ріГрЅхрЅхрѕЇ ріЦріЊ рІерІ│рІФрѕірѕ▓рѕх рѕЁріГрѕЮріЊ рЅарѕџрѕЇ рѕГрІЋрѕх рЅарѕЮріЊрІ░рѕГрїѕрІЇ рІЇрІГрІГрЅх рІГрЅђрѕІрЅђрѕЅріЋрЇб

­ЪњДрІеріаріЋрІх рѕ░рІЇ ріЕрѕІрѕірЅх ріерІ░рѕЮ рІЇрѕхрїЦ рЅєрѕ╗рѕ╗ріЋ ріЦріЊ┬а рІерЅ░рѕѕрІФрІЕ рЇѕрѕ│рѕЙрЅйріЋ рЅарЅарЅѓ рѕЂріћрЅ│ рѕЏрїБрѕФрЅх рѕ▓рІФрЅЁрЅ░рІЇ рІ│рІФрѕірѕ▓рѕх рІФрѕхрЇѕрѕЇрїІрѕЇрЇб рІГрѕЁрѕЮ ріЦріЋрІ░ рІерѕхрі│рѕГ рЅарѕйрЅ│рЇБ рІерІ░рѕЮ рїЇрЇірЅх ріЦріЊ рІерЅ░рѕѕрІФрІЕ рІеріЕрѕІрѕірЅх рЅарѕйрЅ│рІјрЅй рЅБрѕЅ рѕЂріћрЅ│рІјрЅй рѕіріерѕ░рЅх рІГрЅйрѕІрѕЇрЇб

­ЪЌБріЦріЋрїЇрІХрЅ╗рЅйріЋ:
­ЪЉЅрІХ/рѕГ рѕЃрѕўрѕЇрѕЏрѕЇ рѕђ/рїірІ«рѕГрїірѕх┬а (рІеріЕрѕІрѕірЅх рѕЁріГрѕЮріЊ рѕхрЇћрѕ╗рѕірѕхрЅхрЇБ рЅарЅЁрІ▒рѕх рї│рІЇрѕјрѕх рѕџрѕіріњрІерѕЮ рѕюрІ▓ріФрѕЇ рі«рѕїрїЁ рІерІЇрѕхрїЦ рІ░рІї рѕЁріГрѕЮріЊ рѕерІ│рЅх рЇЋрѕ«рЇїрѕ░рѕГ) 

­ЪЉЅрІХ/рѕГ рЇЇрЇЂрѕЮ рїЦрѕІрѕЂріЋ (рЅарЅХрѕЏрѕх рїёрЇѕрѕГрѕ░ріЋ рІЕріњрЅерѕГрѕ▓рЅ▓ рѕєрѕхрЇњрЅ│рѕЇ рІеріЕрѕІрѕірЅх рѕЁріГрѕЮріЊ рѕхрЇћрѕ╗рѕірѕхрЅх)

­ЪЌЊріЦрѕЂрІх рѕ░ріћ 2 2016

РЈ░ріерѕЮрѕйрЅ▒ 12 рѕ░рІЊрЅх (рЅарібрЅхрІ«рїхрІФ)

­ЪњЦрІЇрІГрІГрЅ▒ріЋ рѕѕрѕўрЅђрѕІрЅђрѕЇ ріЦрІџрѕЁ рІГрїФріЉ 
­ЪЉЄ­ЪЉЄ­ЪЉЄ­ЪЉЄ­ЪЉЄ­ЪЉЄ­ЪЉЄ­ЪЉЄ
https://t.me/yetenaweg?livestream

­ЪЉЅрІерІЇрІГрІГрЅх рЅ╗ріЊрѕІрЅйріЋріЋ рѕѕрѕўрЅђрѕІрЅђрѕЇ ріЦрІџрѕЁ рІГрїФріЉ: https://t.me/+dl4juoncBxMyODVh"
1077,2024-06-05 20:27:37+00:00,-1001447066276,https://www.clubhouse.com/room/xlOVk34E?utm_medium=ch_room_xr&utm_campaign=hRlA5hD3l5eqiHBShxl5xA-1276560
1076,2024-06-04 15:06:35+00:00,-1001447066276,
